idSucursal,fechaAlta,nombre,direccion,localidad,provincia,horarioLunes,horarioMartes,horarioMiercoles,horarioJueves,horarioViernes,horarioSabado,horarioDomingo,fechaBaja,estado
1,12-01-2000,LIBERTOR GRAL SAN MARTIN,AV. LIBERTAD 569,S S JUJUY,JUJUY,08:00-21:00,07:00-21:00,07:00-21:00,07:00-21:00,07:00-21:00,10:00-20:00,10:00-20:00,,
2,14-01-2000,CRUZ DEL EJE,RIVADAVIA 197,CORDOBA,CORDOBA,08:00-21:00,08:00-21:00,07:00-22:00,07:00-22:00,07:00-21:00,08:00-21:00,08:00-21:00,,
3,01-03-2000,AV CORONEL DIAZ,AV. SANTA FE,PALERMO,CAPITAL FEDERAL,07:00-22:00,07:00-21:00,07:00-22:00,08:00-21:00,07:00-22:00,10:00-20:00,10:00-14:00,,
4,04-03-2000,LANUS ESTE,AV. 9 DE JULIO 1472,LANUS,BUENOS AIRES,07:00-22:00,07:00-22:00,08:00-21:00,07:00-22:00,07:00-22:00,08:00-21:00,08:00-21:00,,
5,09-04-2000,ZARATE,19 DE MARZO 234,ZARATE,BUENOS AIRES,08:00-21:00,07:00-21:00,08:00-21:00,08:00-21:00,07:00-22:00,10:00-20:00,09:00-21:00,,
6,13-04-2000,TEMPERLEY,HIPLITO YRIGOYEN 10541,TEMPERLEY,BUENOS AIRES,07:00-22:00,07:00-21:00,08:00-21:00,07:00-21:00,08:00-21:00,Cerrado,Cerrado,,
7,22-04-2000,AV ACONQUIJA TUCUMAN,ACONGUIJA,S. M. DE TUCUMAN,TUCUMAN,07:00-21:00,07:00-21:00,07:00-22:00,07:00-22:00,07:00-22:00,08:00-21:00,08:00-21:00,,
8,13-05-2000,BARRIO GRAL. MOSCONI,TEHUELCHES 61,COMODORO RIVADAVIA,CHUBUT,07:00-22:00,08:00-21:00,07:00-22:00,08:00-21:00,07:00-21:00,08:00-21:00,10:00-20:00,,
9,02-07-2000,MAGDALENA,PTE HIPLITO YRIGOYEN 792,CAPILLA DEL SENOR,BUENOS AIRES,08:00-21:00,07:00-22:00,08:00-21:00,08:00-21:00,07:00-22:00,10:00-20:00,08:00-21:00,,
10,21-07-2000,PLAZA LAS HERAS,AVDA. LAS HERAS,RECOLETA,CAPITAL FEDERAL,07:00-21:00,07:00-21:00,08:00-21:00,08:00-21:00,07:00-21:00,10:00-14:00,08:00-21:00,,
11,02-08-2000,MENDOZA SHOPPING,PANAMERICANA LOCAL E-11,MENDOZA,MENDOZA,07:00-22:00,07:00-22:00,08:00-21:00,07:00-22:00,07:00-22:00,10:00-14:00,Cerrado,,
12,14-08-2000,PALMAS DEL PILAR,COLECTORA PANAMERICANA KM 50 ESQUINA DE LUCA,PILAR,BUENOS AIRES,07:00-21:00,07:00-22:00,07:00-22:00,07:00-21:00,08:00-21:00,09:00-21:00,Cerrado,,
13,10-09-2000,JUANA MANSO,JUANA MANSO 153096,RETIRO,CAPITAL FEDERAL,08:00-21:00,08:00-21:00,07:00-22:00,07:00-22:00,07:00-22:00,09:00-21:00,Cerrado,,
14,23-09-2000,PLAZA REPUBLICA,AV. CORRIENTES,MICROCENTRO,CAPITAL FEDERAL,07:00-21:00,08:00-21:00,07:00-21:00,07:00-21:00,07:00-21:00,10:00-20:00,09:00-21:00,,
15,26-09-2000,PALMARES,RUTA PANAMERICANA 2650,GODOY CRUZ,MENDOZA,07:00-22:00,07:00-22:00,07:00-21:00,07:00-22:00,07:00-21:00,10:00-20:00,09:00-21:00,,
16,01-10-2000,COLON - ENTRE RIOS,SAN MARTIN 267283,COLON,ENTRE RIOS,07:00-21:00,07:00-22:00,07:00-22:00,07:00-21:00,08:00-21:00,08:00-21:00,10:00-14:00,,
17,08-12-2000,TIGRE,AV. CAZON 1175,TIGRE,BUENOS AIRES,07:00-22:00,07:00-22:00,08:00-21:00,07:00-22:00,07:00-22:00,10:00-14:00,08:00-21:00,,
18,16-01-2001,TUNUYAN,SAN MARTIN,MENDOZA,MENDOZA,07:00-21:00,08:00-21:00,07:00-21:00,08:00-21:00,07:00-21:00,08:00-21:00,09:00-21:00,,
19,21-03-2001,MONTE GRANDE,S.T. DE SANTAMARINA 420,MONTE GRANDE,BUENOS AIRES,07:00-21:00,07:00-21:00,07:00-22:00,08:00-21:00,08:00-21:00,08:00-21:00,Cerrado,,
20,07-04-2001,JUNIN,AV. MOISES LEBENSOHN 19,JUNIN,BUENOS AIRES,07:00-21:00,08:00-21:00,07:00-22:00,08:00-21:00,08:00-21:00,09:00-21:00,10:00-14:00,,
21,03-05-2001,PARANA,BUENOS AIRES 219,PARANA,ENTRE RIOS,07:00-22:00,08:00-21:00,07:00-21:00,07:00-22:00,07:00-22:00,08:00-21:00,08:00-21:00,,
22,14-05-2001,PARANA NORTE,AV.RIVADAVIA360,PARANA,ENTRE RIOS,07:00-22:00,07:00-21:00,07:00-21:00,07:00-22:00,08:00-21:00,08:00-21:00,10:00-20:00,,
23,19-05-2001,LAS FLORES,AV CARMEN 540,LAS FLORES,BUENOS AIRES,08:00-21:00,08:00-21:00,07:00-22:00,07:00-22:00,08:00-21:00,09:00-21:00,10:00-14:00,,
24,03-06-2001,CIPOLLETI,ESPANA 266 LOCAL 1,CIPOLETTI,RIO NEGRO,07:00-22:00,07:00-21:00,08:00-21:00,07:00-22:00,07:00-22:00,10:00-14:00,10:00-20:00,,
25,10-06-2001,SAN MARTIN,CALLE 85 NRO. 1933,SAN MARTIN,BUENOS AIRES,07:00-22:00,07:00-22:00,07:00-22:00,07:00-21:00,08:00-21:00,10:00-14:00,09:00-21:00,,
26,17-06-2001,VILLA DEL PARQUE,NAZARRE 3225,VILLA DEL PARQUE,CAPITAL FEDERAL,08:00-21:00,08:00-21:00,08:00-21:00,07:00-21:00,07:00-22:00,09:00-21:00,10:00-14:00,,
27,19-06-2001,POSADAS,FELIX DE AZARA 1853,POSADAS,MISIONES,07:00-21:00,07:00-21:00,08:00-21:00,07:00-21:00,08:00-21:00,09:00-21:00,08:00-21:00,,
28,02-07-2001,MORTEROS,9 DE JULIO 845 E BV. 25 DE MAYO Y S MARTN,SAN FRANCISCO,CORDOBA,07:00-21:00,07:00-21:00,07:00-21:00,07:00-21:00,07:00-21:00,09:00-21:00,08:00-21:00,,
29,14-10-2001,CORDOBA BARRIO JARDIN,ELIAS YOFRE N 1294,CORDOBA,CORDOBA,08:00-21:00,07:00-21:00,07:00-22:00,07:00-22:00,07:00-22:00,08:00-21:00,10:00-20:00,,
30,29-10-2001,ROQUE SAENZ PENA,CALLE 14 MORENO NRP 239 E CALLE 7 Y CALLE 5,RESISTENCIA,CHACO,08:00-21:00,08:00-21:00,08:00-21:00,07:00-21:00,07:00-22:00,09:00-21:00,10:00-14:00,,
31,08-11-2001,ORAN,CARLOS PELLEGRIN 321325,SALTA,SALTA,07:00-22:00,08:00-21:00,07:00-21:00,07:00-21:00,07:00-21:00,10:00-20:00,09:00-21:00,,
32,08-12-2001,COLON,CALLE 47 N1098,COLON,BUENOS AIRES,07:00-22:00,08:00-21:00,07:00-22:00,07:00-21:00,08:00-21:00,10:00-20:00,Cerrado,,
33,11-12-2001,RECOLETA,AV. PUEYRREDON 1914,RECOLETA,CAPITAL FEDERAL,07:00-21:00,07:00-22:00,08:00-21:00,08:00-21:00,08:00-21:00,10:00-14:00,08:00-21:00,,
34,12-12-2001,MADERO - YATCHING,MARIQUITA SANCHEZ DE THOMPSON120,MICROCENTRO,CAPITAL FEDERAL,08:00-21:00,08:00-21:00,08:00-21:00,07:00-22:00,07:00-22:00,Cerrado,Cerrado,,
35,23-12-2001,VILLA CABRERA,AV. CARAFFA 2620,CORDOBA,CORDOBA,07:00-22:00,07:00-22:00,08:00-21:00,07:00-21:00,07:00-21:00,10:00-14:00,10:00-20:00,,
36,28-01-2002,PARQUE CENTENARIO,AV. CORRIENTES,VILLA CRESPO,CAPITAL FEDERAL,07:00-22:00,07:00-22:00,08:00-21:00,07:00-21:00,07:00-21:00,10:00-14:00,08:00-21:00,,
37,31-01-2002,MERCADO CENTRAL,AUTOPISTA RICCHIERI Y BOULOGNE SUR MER TI020B,MORENO,BUENOS AIRES,07:00-22:00,07:00-21:00,07:00-22:00,07:00-21:00,08:00-21:00,10:00-20:00,09:00-21:00,,
38,12-02-2002,AV INDEPENDENCIA,AV. INDEPENDENCIA,BALVANERA,CAPITAL FEDERAL,07:00-21:00,08:00-21:00,07:00-22:00,07:00-22:00,07:00-22:00,Cerrado,09:00-21:00,,
39,22-02-2002,GRAND BOURG,EL CALLAO 955,MALVINAS ARGENTINAS,BUENOS AIRES,08:00-21:00,07:00-21:00,08:00-21:00,08:00-21:00,08:00-21:00,08:00-21:00,10:00-14:00,,
40,08-03-2002,ESCOBAR,ASBORNO 650,ESCOBAR,BUENOS AIRES,07:00-21:00,08:00-21:00,07:00-21:00,07:00-21:00,08:00-21:00,Cerrado,08:00-21:00,,
41,26-03-2002,ROSARIO - BARRIO ECHESORTU,MENDOZA 3940,ROSARIO,SANTA FE,07:00-22:00,07:00-21:00,08:00-21:00,07:00-22:00,07:00-21:00,10:00-14:00,10:00-20:00,,
42,14-04-2002,OBELISCO,AV.CORRIENTES 111822,MICROCENTRO,CAPITAL FEDERAL,07:00-21:00,08:00-21:00,07:00-21:00,07:00-21:00,07:00-21:00,10:00-14:00,10:00-20:00,,
43,24-04-2002,GRAL VILLEGAS,SAN MARTN N456 ENTRE ALBERTI Y MORENO,VILLA GESELL,BUENOS AIRES,08:00-21:00,07:00-21:00,07:00-21:00,07:00-21:00,07:00-22:00,Cerrado,08:00-21:00,,
44,01-05-2002,CALLE AVELLANEDA SGO DEL ESTERO,AVELLANEDA,SGTO DEL ESTERO,SANTIAGO DEL ESTERO,07:00-22:00,07:00-21:00,08:00-21:00,07:00-21:00,07:00-21:00,09:00-21:00,10:00-20:00,,
45,20-05-2002,GRAL. ROCA,TUCUMAN 750,GRAL ROCA,RIO NEGRO,08:00-21:00,07:00-21:00,07:00-21:00,07:00-21:00,08:00-21:00,10:00-20:00,10:00-20:00,,
46,14-06-2002,LAS ROSAS,SAN MARTN 17,LAS FLORES,SANTA FE,07:00-21:00,07:00-21:00,08:00-21:00,07:00-21:00,07:00-21:00,08:00-21:00,08:00-21:00,,
47,21-06-2002,PERGAMINO,AVENIDA DE MAYO N 138404850,PERGAMINO,BUENOS AIRES,07:00-21:00,07:00-22:00,07:00-21:00,07:00-22:00,08:00-21:00,08:00-21:00,09:00-21:00,,
48,22-06-2002,QUINTANA,AV. CALLAO 1833,RECOLETA,CAPITAL FEDERAL,08:00-21:00,08:00-21:00,07:00-21:00,07:00-22:00,07:00-22:00,09:00-21:00,10:00-14:00,,
49,22-06-2002,MANZANA JESUITICA - CDBA CENTRO,AVDA. VELEZ SARSFIELD 122128,CORDOBA,CORDOBA,07:00-21:00,08:00-21:00,07:00-21:00,08:00-21:00,07:00-21:00,10:00-14:00,10:00-14:00,,
50,21-07-2002,S. N. DE LOS ARROYOS,BARTOLOME MITRE 293,SAN NICOLAS,BUENOS AIRES,08:00-21:00,08:00-21:00,07:00-22:00,07:00-21:00,07:00-22:00,08:00-21:00,08:00-21:00,,
51,05-08-2002,PLAZA 25 DE MAYO RESISTENCIA,9 DE JULIO,RESISTENCIA,CHACO,07:00-22:00,07:00-22:00,07:00-21:00,08:00-21:00,08:00-21:00,09:00-21:00,08:00-21:00,,
52,08-08-2002,BOTANICO,AV. SANTA FE 3655,RETIRO,CAPITAL FEDERAL,07:00-21:00,07:00-22:00,08:00-21:00,07:00-21:00,08:00-21:00,09:00-21:00,08:00-21:00,,
53,23-09-2002,LAS HERAS - SANTA CRUZ,AV. PERITO MORENO N 237,SANTA CRUZ,SANTA CRUZ,07:00-22:00,07:00-21:00,07:00-22:00,08:00-21:00,07:00-21:00,10:00-20:00,09:00-21:00,,
54,27-09-2002,SALTA,ESPANA 635,SALTA,SALTA,08:00-21:00,08:00-21:00,07:00-22:00,08:00-21:00,07:00-22:00,08:00-21:00,Cerrado,,
55,01-10-2002,TRES ARROYOS,AV. MORENO 399,TRES ARROYOS,BUENOS AIRES,07:00-22:00,07:00-21:00,08:00-21:00,07:00-21:00,08:00-21:00,Cerrado,10:00-20:00,,
56,25-11-2002,CALLE 7,CALLE 7 ESQUINA 42,BARRACAS,BUENOS AIRES,07:00-22:00,08:00-21:00,07:00-22:00,08:00-21:00,07:00-22:00,10:00-14:00,Cerrado,,
57,14-12-2002,3 DE FEBRERO,DR. AMADEO SABATTINI 4681,CASEROS,BUENOS AIRES,07:00-21:00,07:00-21:00,07:00-21:00,08:00-21:00,08:00-21:00,10:00-20:00,08:00-21:00,,
58,15-12-2002,SAN ANTONIO DE ARECO,ALSINA 16884,SAN ANTONIO DE ARECO,BUENOS AIRES,07:00-22:00,07:00-21:00,07:00-21:00,08:00-21:00,07:00-22:00,10:00-14:00,10:00-14:00,,
59,27-12-2002,MERCADO NORTE � CORDOBA CENTRO,SAN MARTIN 502,CORDOBA,CORDOBA,08:00-21:00,07:00-22:00,07:00-21:00,08:00-21:00,07:00-21:00,Cerrado,Cerrado,,
60,03-01-2003,VA GOBERNADOR GALVEZ,AV. SAN MARTIN 2435,SANTA FE,SANTA FE,07:00-22:00,08:00-21:00,07:00-22:00,07:00-22:00,08:00-21:00,08:00-21:00,08:00-21:00,,
61,08-02-2003,PEHUAJO,IRIGOYEN 456,PEHUAJO,BUENOS AIRES,07:00-21:00,07:00-21:00,07:00-22:00,07:00-22:00,08:00-21:00,10:00-14:00,08:00-21:00,,
62,14-02-2003,NUEVA CORDOBA,AV. AMBROSIO OLMOS 494 -TORRE A,CORDOBA,CORDOBA,07:00-21:00,08:00-21:00,08:00-21:00,08:00-21:00,08:00-21:00,Cerrado,10:00-14:00,,
63,25-04-2003,PILAR,RUTA 8 Y J.MANUEL DE ROSAS,PILAR,BUENOS AIRES,07:00-22:00,07:00-21:00,07:00-22:00,08:00-21:00,07:00-22:00,Cerrado,Cerrado,,
64,28-04-2003,CONSTITUCION,AV. ENTRE RIOS 1692,CONSTITUCION,CAPITAL FEDERAL,07:00-22:00,08:00-21:00,07:00-22:00,07:00-21:00,07:00-22:00,10:00-14:00,10:00-14:00,,
65,26-05-2003,ESTACION PUAN,AV. RIVADAVIA,CABALLITO,CAPITAL FEDERAL,07:00-22:00,07:00-21:00,08:00-21:00,07:00-21:00,08:00-21:00,10:00-14:00,09:00-21:00,,
66,07-07-2003,LA RIOJA,HIPLITO YRIGOYEN N 74,LA RIOJA,LA RIOJA,07:00-21:00,08:00-21:00,07:00-22:00,07:00-22:00,08:00-21:00,Cerrado,10:00-20:00,,
67,13-07-2003,PUERTO IGUAZU,REPUBLICA ARGENTINA 45,MISIONES,MISIONES,08:00-21:00,08:00-21:00,08:00-21:00,07:00-22:00,08:00-21:00,10:00-14:00,08:00-21:00,,
68,19-07-2003,SAN FERNANDO,CONSTITUCION 882,SAN FERNANDO,BUENOS AIRES,07:00-22:00,07:00-21:00,07:00-21:00,07:00-21:00,07:00-21:00,08:00-21:00,10:00-20:00,,
69,01-08-2003,BERAZATEGUI,AV. RIGOLLEAU 4399,BERAZATEGUI,BUENOS AIRES,08:00-21:00,08:00-21:00,08:00-21:00,08:00-21:00,07:00-22:00,10:00-20:00,09:00-21:00,,
70,12-08-2003,FACULTAD SAN JUAN,AV. JOSE IGNACIO DE LA ROZA,POSADAS,SAN JUAN,07:00-21:00,07:00-21:00,07:00-22:00,08:00-21:00,07:00-22:00,Cerrado,08:00-21:00,,
71,14-08-2003,QUILMES - CALLE ALEM,LEANDRO N. ALEM 159,QUILMES,BUENOS AIRES,07:00-21:00,07:00-21:00,07:00-21:00,08:00-21:00,07:00-21:00,09:00-21:00,10:00-14:00,,
72,06-10-2003,LOMAS - GORRITI,GORRITI 270272,LOMAS DE ZAMORA,BUENOS AIRES,07:00-21:00,07:00-22:00,07:00-21:00,07:00-21:00,08:00-21:00,10:00-14:00,09:00-21:00,,
73,18-10-2003,TUCUMAN NORTE,MAIP 684,S M DE TUCUMAN,TUCUMAN,07:00-21:00,07:00-22:00,07:00-22:00,07:00-22:00,07:00-21:00,10:00-14:00,10:00-20:00,,
74,06-12-2003,SAN NICOLAS DE BARI,AV. SANTA FE,PALERMO,CAPITAL FEDERAL,07:00-22:00,07:00-22:00,07:00-22:00,07:00-21:00,07:00-22:00,09:00-21:00,Cerrado,,
75,22-12-2003,CANNING,AV. MARIANO CASTEX N 3489,CANNING,BUENOS AIRES,08:00-21:00,07:00-22:00,07:00-22:00,07:00-22:00,08:00-21:00,10:00-20:00,09:00-21:00,,
76,30-12-2003,CASEROS,AV. URQUIZA 4788,CASEROS,BUENOS AIRES,07:00-21:00,07:00-21:00,07:00-21:00,08:00-21:00,07:00-21:00,08:00-21:00,Cerrado,,
77,31-12-2003,INTERBALNEARIA,AVDA. CONSTITUCIN 4039,MAR DEL PLATA,BUENOS AIRES,07:00-22:00,07:00-21:00,07:00-22:00,07:00-22:00,07:00-22:00,10:00-14:00,09:00-21:00,,
78,27-01-2004,CASTELAR,I. ARIAS 2427,CASTELAR,BUENOS AIRES,07:00-22:00,07:00-22:00,08:00-21:00,08:00-21:00,07:00-21:00,09:00-21:00,Cerrado,,
79,09-03-2004,PLAZA FRANCIA,CALLAO,RECOLETA,CAPITAL FEDERAL,08:00-21:00,08:00-21:00,08:00-21:00,08:00-21:00,07:00-22:00,10:00-14:00,10:00-20:00,,
80,10-04-2004,VILLA MERCEDES,PEDERNERA 328,VILLA MERCEDES,SAN LUIS,08:00-21:00,07:00-21:00,07:00-22:00,07:00-21:00,08:00-21:00,Cerrado,10:00-20:00,,
81,12-07-2004,BAHIA BLANCA,DONADO 56,BAHIA BLANCA,BUENOS AIRES,07:00-21:00,07:00-22:00,07:00-22:00,07:00-22:00,07:00-22:00,10:00-14:00,09:00-21:00,,
82,18-07-2004,JARDIN JAPONES,AV. LIBERTADOR,BELGRANO,CAPITAL FEDERAL,08:00-21:00,07:00-21:00,07:00-22:00,07:00-21:00,07:00-22:00,Cerrado,08:00-21:00,,
83,24-08-2004,NUEVO CENTRO SHOPPING,DUARTE QUIROZ 1400 LOCAL 106,CORDOBA,CORDOBA,07:00-22:00,08:00-21:00,08:00-21:00,07:00-22:00,07:00-21:00,Cerrado,10:00-20:00,,
84,30-08-2004,FUNES,AV. SANTA FE 1594,SANTA FE,SANTA FE,08:00-21:00,07:00-22:00,07:00-22:00,07:00-22:00,08:00-21:00,Cerrado,10:00-20:00,,
85,20-09-2004,PUENTE ZARATE,LPEZ Y PLANES N 1360,ZARATE,BUENOS AIRES,08:00-21:00,07:00-22:00,07:00-21:00,08:00-21:00,07:00-21:00,Cerrado,08:00-21:00,,
86,27-09-2004,BAJO BELGRANO,AV. DEL LIBERTADOR 6156,BELGRANO,CAPITAL FEDERAL,07:00-22:00,07:00-21:00,07:00-22:00,07:00-21:00,08:00-21:00,10:00-14:00,10:00-20:00,,
87,13-10-2004,NORDELTA,AV. DE LOS LAGOS 6855 LOCAL 12 Y 13,TIGRE,BUENOS AIRES,07:00-21:00,07:00-22:00,08:00-21:00,07:00-22:00,07:00-22:00,09:00-21:00,10:00-20:00,,
88,16-10-2004,SAN MARTIN - TUCUMAN,SAN MARTIN,S. M. DE TUCUMAN,TUCUMAN,08:00-21:00,07:00-21:00,07:00-21:00,07:00-22:00,08:00-21:00,09:00-21:00,10:00-14:00,,
89,23-10-2004,PEREZ SANTA FE,BV. SAN MARTN N 1825,SANTA FE,SANTA FE,08:00-21:00,08:00-21:00,07:00-22:00,08:00-21:00,08:00-21:00,Cerrado,10:00-14:00,,
90,17-11-2004,MALARG�E,GRAL NAPOLEN URIBURU N 656,MENDOZA,MENDOZA,08:00-21:00,08:00-21:00,08:00-21:00,08:00-21:00,08:00-21:00,09:00-21:00,10:00-20:00,,
91,01-12-2004,ARROYO SECO,MITRE 277,Rosario -Pcia. de Santa F,SANTA FE,07:00-21:00,07:00-22:00,08:00-21:00,07:00-21:00,07:00-21:00,08:00-21:00,10:00-14:00,,
92,05-12-2004,CIUDADELA,AV. RIVADAVIA N 1252224,FLORESTA,BUENOS AIRES,07:00-21:00,07:00-21:00,07:00-22:00,07:00-21:00,07:00-22:00,08:00-21:00,08:00-21:00,,
93,21-12-2004,AVDA CENTRAL � SAN JUAN,AV JOSE IGNACIO DE LA ROZA ESTE 145,SAN JUAN,SAN JUAN,07:00-22:00,08:00-21:00,07:00-21:00,07:00-21:00,07:00-22:00,10:00-14:00,Cerrado,,
94,17-02-2005,TORRE 1,AV. SANTA FE,MICROCENTRO,CAPITAL FEDERAL,07:00-21:00,07:00-21:00,08:00-21:00,07:00-22:00,07:00-21:00,10:00-20:00,08:00-21:00,,
95,03-03-2005,LINIERS,AV. RIVADAVIA 11120,LINIERS,CAPITAL FEDERAL,08:00-21:00,07:00-21:00,07:00-22:00,07:00-21:00,07:00-21:00,08:00-21:00,08:00-21:00,,
96,18-04-2005,GRAL. SARMIENTO,AV. DR. R. BALBIN 1080,SGTO DEL ESTERO,SANTIAGO DEL ESTERO,07:00-22:00,08:00-21:00,07:00-22:00,07:00-21:00,07:00-21:00,09:00-21:00,Cerrado,,
97,27-04-2005,SAN JORGE,SARMIENTO 1250,SANTA FE,SANTA FE,07:00-22:00,08:00-21:00,07:00-22:00,08:00-21:00,08:00-21:00,08:00-21:00,08:00-21:00,,
98,13-06-2005,LAS TOSCAS SHOPPING CANNING,FORMOSA,CANNING,BUENOS AIRES,07:00-21:00,07:00-22:00,08:00-21:00,07:00-22:00,07:00-22:00,Cerrado,10:00-14:00,,
99,02-07-2005,AV RIVADAVIA COMODORO,AV. RIVADAVIA,COMODORO RIVADAVIA,CHUBUT,08:00-21:00,07:00-21:00,07:00-21:00,08:00-21:00,08:00-21:00,08:00-21:00,09:00-21:00,,
100,09-07-2005,VILLA CRESPO,AV. CORRIENTES 5100,VILLA CRESPO,CAPITAL FEDERAL,08:00-21:00,07:00-22:00,07:00-21:00,07:00-22:00,07:00-21:00,10:00-14:00,09:00-21:00,,
101,25-07-2005,MERLO,AV. LIB. GRAL. SAN MARTIN 557,MERLO,BUENOS AIRES,07:00-21:00,07:00-22:00,07:00-21:00,07:00-22:00,07:00-21:00,08:00-21:00,10:00-14:00,,
102,15-08-2005,LA FALDA,EDEN 655,V CARLOS PAZ,CORDOBA,08:00-21:00,08:00-21:00,07:00-22:00,07:00-21:00,07:00-22:00,10:00-20:00,Cerrado,,
103,14-09-2005,LOBOS,RIVADAVIA 57,LOBOS,BUENOS AIRES,07:00-22:00,07:00-21:00,07:00-22:00,07:00-21:00,07:00-21:00,10:00-14:00,10:00-14:00,,
104,08-10-2005,BANFIELD,MAIPU 198,BANFIELD,BUENOS AIRES,08:00-21:00,07:00-22:00,07:00-21:00,07:00-21:00,07:00-21:00,08:00-21:00,08:00-21:00,,
105,16-10-2005,PUERTO DE MAR DEL PLATA,12 DE OCTUBRE 3468,MAR DEL PLATA,BUENOS AIRES,07:00-22:00,07:00-22:00,07:00-21:00,07:00-21:00,08:00-21:00,10:00-20:00,Cerrado,,
106,26-01-2006,BARILOCHE,BARTOLOME MITRE 520,BARILOCHE,RIO NEGRO,08:00-21:00,08:00-21:00,07:00-22:00,08:00-21:00,07:00-22:00,Cerrado,10:00-14:00,,
107,16-02-2006,GENERAL CABRERA - CDBA,9 DE JULIO 601,CORDOBA,CORDOBA,07:00-22:00,07:00-21:00,07:00-21:00,08:00-21:00,08:00-21:00,10:00-14:00,09:00-21:00,,
108,20-02-2006,CONCEPCION DEL URUGUAY,JUAN DOMINGO PERON 34,CONCEPCION DEL URUGUAY,ENTRE RIOS,08:00-21:00,07:00-22:00,08:00-21:00,08:00-21:00,07:00-22:00,09:00-21:00,08:00-21:00,,
109,21-02-2006,CONCORDIA AL NORTE,AV. EVA PERN N 133452,CONCORDIA,ENTRE RIOS,08:00-21:00,07:00-22:00,07:00-21:00,07:00-22:00,07:00-22:00,10:00-14:00,09:00-21:00,,
110,23-02-2006,VILLA URQUIZA,AV. TRIUNVIRATO 4648,VILLA URQUIZA,CAPITAL FEDERAL,08:00-21:00,07:00-21:00,08:00-21:00,07:00-21:00,07:00-21:00,Cerrado,08:00-21:00,,
111,28-02-2006,JOSE C PAZ,GRANADEROS A CABALLO 4830,JOSE C PAZ,BUENOS AIRES,08:00-21:00,08:00-21:00,07:00-22:00,07:00-21:00,07:00-22:00,09:00-21:00,10:00-20:00,,
112,06-03-2006,BANFIELD OESTE,AV. HIPLITO YRIGOYEN 79917,BANFIELD,BUENOS AIRES,07:00-21:00,07:00-22:00,08:00-21:00,07:00-21:00,07:00-21:00,09:00-21:00,09:00-21:00,,
113,20-04-2006,VILLA LUGANO,AV. GENERAL FRANCISCO FERNNDEZ DE LA CRUZ 6212,VILLA LUGANO,CAPITAL FEDERAL,07:00-21:00,08:00-21:00,08:00-21:00,08:00-21:00,08:00-21:00,10:00-20:00,10:00-14:00,,
114,12-05-2006,AL RIO,AV. DEL LIBERTADOR N 7795,VICENTE LOPEZ,BUENOS AIRES,07:00-21:00,08:00-21:00,07:00-22:00,07:00-21:00,07:00-21:00,10:00-14:00,10:00-14:00,,
115,28-06-2006,SAN LORENZO,SAN MARTIN 979,SAN LORENZO,SANTA FE,08:00-21:00,08:00-21:00,07:00-21:00,07:00-22:00,08:00-21:00,09:00-21:00,Cerrado,,
116,19-07-2006,NEUQUEN,JUAN B. JUSTO 5058,NEUQUEN,BUENOS AIRES,07:00-21:00,07:00-22:00,07:00-22:00,08:00-21:00,07:00-22:00,10:00-14:00,08:00-21:00,,
117,19-07-2006,AV. MADERO,AV. EDUARDO MADERO,MICROCENTRO,CAPITAL FEDERAL,07:00-21:00,07:00-21:00,07:00-21:00,07:00-22:00,08:00-21:00,10:00-14:00,10:00-20:00,,
118,19-09-2006,ALVEAR,AVDA. ALVEAR 130129,CENTRO,CAPITAL FEDERAL,08:00-21:00,08:00-21:00,07:00-21:00,07:00-21:00,07:00-21:00,10:00-14:00,09:00-21:00,,
119,19-09-2006,PARANA CENTRO,25 DE MAYO,PARANA,ENTRE RIOS,07:00-21:00,07:00-22:00,07:00-22:00,08:00-21:00,07:00-22:00,10:00-20:00,10:00-20:00,,
120,10-10-2006,CASILDA,58562,CASILDA,SANTA FE,07:00-21:00,08:00-21:00,08:00-21:00,07:00-22:00,07:00-22:00,10:00-20:00,Cerrado,,
121,01-11-2006,JORGE NEWBERY,AV. CORDOBA 6091,COLEGIALES,CAPITAL FEDERAL,07:00-22:00,07:00-22:00,07:00-21:00,07:00-21:00,08:00-21:00,09:00-21:00,10:00-20:00,,
122,05-11-2006,CENTRO,SAN MARTIN 427,MICROCENTRO,CAPITAL FEDERAL,08:00-21:00,07:00-22:00,07:00-21:00,07:00-22:00,08:00-21:00,10:00-20:00,08:00-21:00,,
123,14-12-2006,AGRONOMIA,AV. SAN MARTIN,VILLA DEL PARQUE,CAPITAL FEDERAL,07:00-21:00,07:00-22:00,08:00-21:00,07:00-21:00,07:00-22:00,10:00-20:00,10:00-14:00,,
124,26-12-2006,PZA. SAN MARTIN,AVDA. SANTA FE 880,RETIRO,CAPITAL FEDERAL,08:00-21:00,08:00-21:00,07:00-22:00,07:00-21:00,07:00-22:00,08:00-21:00,10:00-14:00,,
125,01-01-2007,GODOY CRUZ,SAN MARTIN SUR 69.,GODOY CRUZ,MENDOZA,07:00-21:00,07:00-22:00,07:00-22:00,07:00-22:00,07:00-21:00,09:00-21:00,08:00-21:00,,
126,17-01-2007,CURUZU CUATIA,BERN DE ASTRADA,CORRIENTES,CORRIENTES,08:00-21:00,07:00-21:00,07:00-22:00,08:00-21:00,08:00-21:00,10:00-14:00,10:00-20:00,,
127,11-03-2007,MERCEDES - CORRIENTES,SAN MARTN 941,MERCEDES,CORRIENTES,07:00-21:00,07:00-22:00,08:00-21:00,07:00-22:00,07:00-22:00,10:00-14:00,Cerrado,,
128,16-03-2007,BOLIVAR,SAN MARTIN 580,DOLORES,BUENOS AIRES,07:00-22:00,08:00-21:00,08:00-21:00,08:00-21:00,07:00-21:00,08:00-21:00,09:00-21:00,,
129,12-05-2007,CALLE COLON RIO CUARTO CORDOBA,CONSTITUCION,RIO CUARTO,CORDOBA,07:00-21:00,07:00-21:00,08:00-21:00,07:00-21:00,07:00-21:00,Cerrado,10:00-20:00,,
130,05-06-2007,LUIS MARIA CAMPOS,AV. LUIS MARIA CAMPOS 1175,BELGRANO,CAPITAL FEDERAL,07:00-21:00,08:00-21:00,07:00-22:00,07:00-21:00,07:00-21:00,08:00-21:00,09:00-21:00,,
131,31-07-2007,ADROGUE,ADROGUE 1212,ADROGUE,BUENOS AIRES,07:00-22:00,07:00-22:00,08:00-21:00,07:00-21:00,08:00-21:00,10:00-14:00,10:00-20:00,,
132,08-08-2007,SAN ISIDRO CENTRO,25 DE MAYO,SAN ISIDRO,BUENOS AIRES,08:00-21:00,08:00-21:00,07:00-21:00,08:00-21:00,07:00-21:00,09:00-21:00,Cerrado,,
133,12-08-2007,VICUNA MACKENA,JULIO A. ROCA 597 ESQ. TIERNEY,CORDOBA,CORDOBA,08:00-21:00,07:00-21:00,07:00-22:00,08:00-21:00,07:00-21:00,10:00-20:00,Cerrado,,
134,22-08-2007,RINCON DE CAMPANA,RIVADAVIA,CAMPANA,BUENOS AIRES,07:00-22:00,08:00-21:00,07:00-22:00,07:00-22:00,08:00-21:00,10:00-14:00,10:00-14:00,,
135,03-09-2007,MENDOZA - QUINTA SECCION,PASO DE LOS ANDES 761 773,MENDOZA,MENDOZA,07:00-22:00,07:00-21:00,07:00-22:00,08:00-21:00,08:00-21:00,10:00-14:00,Cerrado,,
136,14-09-2007,VICTORIA - ENTRE RIOS,FUNDADOR EZPELETA 76,VICTORIA,ENTRE RIOS,08:00-21:00,07:00-21:00,08:00-21:00,07:00-21:00,07:00-22:00,10:00-20:00,10:00-20:00,,
137,15-09-2007,CHASCOMUS,BELGRANO N 91 ENTRE SOLER Y ARENALES,CHASCOMUS,BUENOS AIRES,07:00-22:00,07:00-21:00,07:00-21:00,08:00-21:00,07:00-22:00,10:00-20:00,10:00-20:00,,
138,21-09-2007,PACHECO PANAMERICANA,H. YRIGOYEN 2357 ESQ ESPANA 1116,PILAR,BUENOS AIRES,08:00-21:00,07:00-22:00,07:00-22:00,08:00-21:00,07:00-21:00,10:00-20:00,09:00-21:00,,
139,13-10-2007,SANTA ROSA,CARLOS PELEGRINI 376,SANTA ROSA,LA PAMPA,07:00-21:00,08:00-21:00,07:00-21:00,07:00-22:00,07:00-21:00,08:00-21:00,09:00-21:00,,
140,19-10-2007,RIVADAVIA SAN JUAN,AV. LIBERTADOR GRAL. SAN MARTIN N,SAN JUAN,SAN JUAN,07:00-22:00,07:00-22:00,07:00-21:00,07:00-21:00,07:00-21:00,10:00-14:00,10:00-20:00,,
141,16-11-2007,RADA TILLY,AV. ALTE. BROWN 407 ESQ. AV. ACA,CHUBUT,CHUBUT,07:00-21:00,07:00-21:00,07:00-21:00,08:00-21:00,07:00-21:00,09:00-21:00,09:00-21:00,,
142,03-12-2007,CATEDRAL DE POSADAS,COLON,POSADAS,MISIONES,08:00-21:00,07:00-21:00,07:00-21:00,07:00-22:00,07:00-22:00,10:00-20:00,10:00-20:00,,
143,25-12-2007,FIRMAT,BUENOS AIRES 902,FIRMAT,SANTA FE,08:00-21:00,08:00-21:00,08:00-21:00,08:00-21:00,07:00-21:00,08:00-21:00,09:00-21:00,,
144,08-01-2008,MARTINEZ OESTE,DARDO ROCHA N 2300,MARTINEZ,BUENOS AIRES,07:00-22:00,07:00-22:00,07:00-21:00,07:00-21:00,08:00-21:00,10:00-20:00,Cerrado,,
145,18-03-2008,MORON CENTRO,RIVADAVIA,MORON,BUENOS AIRES,07:00-22:00,07:00-21:00,07:00-22:00,07:00-22:00,08:00-21:00,Cerrado,10:00-20:00,,
146,27-04-2008,MAR DEL PLATA,BELGRANO 3182,MAR DEL PLATA,BUENOS AIRES,08:00-21:00,08:00-21:00,08:00-21:00,07:00-21:00,08:00-21:00,09:00-21:00,10:00-14:00,,
147,14-05-2008,POMPEYA,AV. F. FERNANDEZ DE LA CRUZ 809,POMPEYA,CAPITAL FEDERAL,07:00-22:00,08:00-21:00,08:00-21:00,07:00-21:00,07:00-22:00,08:00-21:00,08:00-21:00,,
148,01-06-2008,CERVINO,CERVINO 470913,PALERMO,CAPITAL FEDERAL,08:00-21:00,08:00-21:00,07:00-21:00,07:00-22:00,07:00-22:00,09:00-21:00,08:00-21:00,,
149,30-06-2008,BALCARCE,CALLE 16 N 550,BALCARCE,BUENOS AIRES,07:00-22:00,08:00-21:00,08:00-21:00,07:00-22:00,07:00-22:00,09:00-21:00,10:00-14:00,,
150,10-07-2008,ATLANTICA,AV. INDEPENDENCIA 2854,MAR DEL PLATA,BUENOS AIRES,07:00-21:00,08:00-21:00,07:00-22:00,07:00-21:00,07:00-22:00,Cerrado,10:00-20:00,,
151,13-07-2008,PASAJE DISCEPOLO,AV. CORRIENTES,BALVANERA,CAPITAL FEDERAL,07:00-22:00,07:00-22:00,07:00-21:00,07:00-21:00,08:00-21:00,09:00-21:00,08:00-21:00,,
152,24-07-2008,LA PLATA NORTE,AVENIDA 13 N 34 ENTRE CALLES 32 Y 33,LA PLATA,BUENOS AIRES,07:00-21:00,08:00-21:00,07:00-21:00,08:00-21:00,08:00-21:00,08:00-21:00,09:00-21:00,,
153,18-08-2008,NUEVA NUNEZ,AVDA.CABILDO 3349 53,NUNEZ,CAPITAL FEDERAL,07:00-21:00,08:00-21:00,07:00-21:00,07:00-21:00,08:00-21:00,10:00-14:00,09:00-21:00,,
154,30-08-2008,PLAZA ITALIA,AV.SANTA FE 484648,BELGRANO,CAPITAL FEDERAL,07:00-22:00,08:00-21:00,08:00-21:00,07:00-21:00,08:00-21:00,10:00-20:00,09:00-21:00,,
155,07-09-2008,TOMKINSON,ING. TOMKINSON 2925,SAN ISIDRO,BUENOS AIRES,07:00-21:00,07:00-22:00,07:00-22:00,08:00-21:00,07:00-21:00,10:00-20:00,08:00-21:00,,
156,09-09-2008,PLAZA CABRAL CORRIENTES CAPITAL,HIPOLITO YRIGOYEN,CORRIENTES,CORRIENTES,07:00-21:00,07:00-22:00,07:00-21:00,07:00-22:00,07:00-21:00,Cerrado,10:00-20:00,,
157,22-09-2008,GRAL. BELGRANO,SAN MARTIN 699,GRAL BELGRANO,BUENOS AIRES,07:00-22:00,08:00-21:00,08:00-21:00,07:00-21:00,08:00-21:00,09:00-21:00,Cerrado,,
158,19-10-2008,SANTIAGO DEL ESTERO,24 DE SEPTIEMBRE 233,SGTO DEL ESTERO,SANTIAGO DEL ESTERO,08:00-21:00,07:00-21:00,08:00-21:00,07:00-21:00,07:00-22:00,09:00-21:00,09:00-21:00,,
159,26-10-2008,BENITO JUAREZ,ALSINA 6264,JOSE LEON SUAREZ,BUENOS AIRES,07:00-21:00,07:00-21:00,08:00-21:00,08:00-21:00,07:00-22:00,10:00-14:00,10:00-20:00,,
160,01-11-2008,MICROCENTRO,SARMIENTO 66264,MICROCENTRO,CAPITAL FEDERAL,07:00-21:00,08:00-21:00,07:00-21:00,07:00-21:00,08:00-21:00,10:00-20:00,09:00-21:00,,
161,05-11-2008,CALLE 12,CALLE 12 N 1051,LA PLATA,BUENOS AIRES,07:00-21:00,08:00-21:00,08:00-21:00,07:00-22:00,08:00-21:00,Cerrado,09:00-21:00,,
162,09-11-2008,ESCOBAR RUTA 9,AV. 25 DE MAYO,ESCOBAR,BUENOS AIRES,07:00-22:00,07:00-22:00,07:00-22:00,07:00-22:00,07:00-22:00,09:00-21:00,10:00-20:00,,
163,11-12-2008,EMILIO CASTRO,EMILIO CASTRO 7063,TANDIL,CAPITAL FEDERAL,07:00-21:00,07:00-22:00,07:00-22:00,07:00-22:00,07:00-22:00,09:00-21:00,10:00-14:00,,
164,13-01-2009,STA. ROSA DE CALAMUCHITA,LIBERTAD 521,CORDOBA,CORDOBA,08:00-21:00,07:00-21:00,07:00-22:00,07:00-21:00,07:00-21:00,08:00-21:00,10:00-20:00,,
165,19-02-2009,BRANDSEN,FERRARI N 167 ENTRE LARREA Y ALBERTI,BRANDSEN,BUENOS AIRES,07:00-22:00,07:00-21:00,07:00-22:00,07:00-22:00,08:00-21:00,10:00-14:00,Cerrado,,
166,04-03-2009,ROSARIO FISHERTON,AVDA. EVA PERN 7672,ROSARIO,SANTA FE,08:00-21:00,07:00-22:00,07:00-21:00,07:00-22:00,07:00-22:00,10:00-14:00,Cerrado,,
167,31-03-2009,BRAGADO,RIVADAVIA 1733,BRAGADO,BUENOS AIRES,07:00-21:00,07:00-22:00,08:00-21:00,08:00-21:00,07:00-22:00,08:00-21:00,09:00-21:00,,
168,14-04-2009,CHARATA,MONSENOR DE CARLO N 35557,CHARATA,CHACO,07:00-22:00,08:00-21:00,07:00-22:00,08:00-21:00,08:00-21:00,10:00-14:00,Cerrado,,
169,18-05-2009,PARQUE CHAS,AV. TRIUNVIRATO 4251/53/57,VILLA URQUIZA,CAPITAL FEDERAL,08:00-21:00,07:00-21:00,08:00-21:00,08:00-21:00,07:00-22:00,Cerrado,09:00-21:00,,
170,25-05-2009,PARANA - 5 ESQUINAS,GUALEGUAYCHU 907 ESQ. ALSINA,PARANA,ENTRE RIOS,07:00-21:00,07:00-21:00,07:00-22:00,08:00-21:00,07:00-21:00,Cerrado,10:00-20:00,,
171,30-05-2009,CORDOBA CENTRO,RIVADAVIA 104 & 25 DE MAYO,CORDOBA,CORDOBA,07:00-21:00,08:00-21:00,07:00-21:00,07:00-21:00,07:00-21:00,10:00-14:00,10:00-14:00,,
172,06-06-2009,DIAZ VELEZ,AV. DIAZ VELEZ 41015,ALMAGRO,CAPITAL FEDERAL,07:00-22:00,07:00-22:00,07:00-22:00,07:00-22:00,07:00-21:00,08:00-21:00,09:00-21:00,,
173,17-07-2009,CRUCE VARELA,AV. CALCHAQU 5389,CAPILLA DEL SENOR,BUENOS AIRES,07:00-21:00,07:00-22:00,07:00-22:00,07:00-21:00,08:00-21:00,Cerrado,09:00-21:00,,
174,21-07-2009,AVDA. LA PLATA,AV. LA PLATA 140,CABALLITO,CAPITAL FEDERAL,07:00-22:00,07:00-21:00,07:00-21:00,08:00-21:00,07:00-21:00,10:00-14:00,10:00-14:00,,
175,08-09-2009,AV MONROE,AV LIBERTADOR,NUNEZ,CAPITAL FEDERAL,07:00-21:00,07:00-22:00,08:00-21:00,08:00-21:00,08:00-21:00,10:00-20:00,08:00-21:00,,
176,12-09-2009,SAN LUIS CENTRO,COLON,SAN LUIS,SAN LUIS,07:00-22:00,07:00-22:00,07:00-22:00,07:00-22:00,07:00-21:00,08:00-21:00,08:00-21:00,,
177,17-09-2009,SAN MIGUEL,AV. PTE. PERON 906,SAN MIGUEL,BUENOS AIRES,07:00-21:00,08:00-21:00,08:00-21:00,07:00-21:00,08:00-21:00,10:00-14:00,10:00-20:00,,
178,22-09-2009,GUALEGUAYCHU,GRAL. JUSTO JOS DE URQUIZA N 1033,ENTRE RIOS,ENTRE RIOS,07:00-21:00,08:00-21:00,07:00-21:00,07:00-21:00,08:00-21:00,08:00-21:00,Cerrado,,
179,06-10-2009,USHUAIA,RIVADAVIA 34,USHUAIA,TIERRA DEL FUEGO,08:00-21:00,07:00-21:00,07:00-21:00,08:00-21:00,07:00-21:00,10:00-20:00,10:00-14:00,,
180,17-11-2009,BENAVIDEZ,AV. DE LOS CONSTITUYENTES 6695,PILAR,BUENOS AIRES,07:00-22:00,08:00-21:00,08:00-21:00,07:00-22:00,07:00-22:00,10:00-14:00,10:00-20:00,,
181,23-11-2009,VILLA BELGRANO,AV. RECTA MARTINOLLI 6529,CORDOBA,CORDOBA,07:00-22:00,07:00-22:00,08:00-21:00,07:00-22:00,07:00-21:00,Cerrado,10:00-14:00,,
182,12-12-2009,PASEO ALCORTA,J. SALGUERO 3212,PALERMO,CAPITAL FEDERAL,07:00-22:00,07:00-22:00,07:00-21:00,08:00-21:00,07:00-21:00,10:00-14:00,10:00-20:00,,
183,18-12-2009,MERCEDES,CALLE 27 N499,MERCEDES,BUENOS AIRES,08:00-21:00,07:00-21:00,07:00-22:00,08:00-21:00,08:00-21:00,10:00-14:00,10:00-14:00,,
184,24-12-2009,RESISTENCIA 25 DE MAYO,AV. 25 DE MAYO 1335,RESISTENCIA,CHACO,07:00-21:00,07:00-22:00,07:00-22:00,07:00-21:00,07:00-22:00,10:00-20:00,09:00-21:00,,
185,09-01-2010,SHOPPING NORTDELTA,AV. DE LOS LAGOS,PILAR,BUENOS AIRES,08:00-21:00,07:00-21:00,07:00-22:00,07:00-21:00,07:00-21:00,Cerrado,10:00-14:00,,
186,21-01-2010,GONNET,501 Y CAMINO CENTENARIO,GARIN,BUENOS AIRES,08:00-21:00,07:00-22:00,07:00-21:00,08:00-21:00,07:00-22:00,10:00-20:00,10:00-14:00,,
187,30-01-2010,AV. SANTA FE,AV. SANTA FE 1450,RECOLETA,CAPITAL FEDERAL,07:00-21:00,08:00-21:00,08:00-21:00,07:00-22:00,08:00-21:00,08:00-21:00,10:00-20:00,,
188,11-02-2010,FLORIDA,AV. MITRE 1695,FLORIDA,BUENOS AIRES,07:00-22:00,07:00-21:00,07:00-21:00,07:00-21:00,07:00-21:00,10:00-14:00,09:00-21:00,,
189,14-02-2010,ROSARIO,SANTA FE 1260,ROSARIO,SANTA FE,08:00-21:00,07:00-21:00,07:00-21:00,07:00-22:00,08:00-21:00,10:00-20:00,10:00-14:00,,
190,26-02-2010,SAN LUIS,SAN MARTIN 936,SAN LUIS,SAN LUIS,08:00-21:00,07:00-22:00,08:00-21:00,07:00-22:00,07:00-22:00,Cerrado,10:00-20:00,,
191,27-02-2010,ARRECIFES,RICARDO GUTIERREZ 543,PERGAMINO,BUENOS AIRES,08:00-21:00,07:00-22:00,08:00-21:00,07:00-22:00,07:00-22:00,10:00-20:00,10:00-20:00,,
192,28-02-2010,SAN MIGUEL DEL MONTE,LEANDRO N. ALEM 540,RETIRO,BUENOS AIRES,08:00-21:00,08:00-21:00,07:00-22:00,08:00-21:00,08:00-21:00,Cerrado,Cerrado,,
193,28-02-2010,MIRAMAR,CALLE 19 N 1045,MIRAMAR,BUENOS AIRES,07:00-21:00,07:00-22:00,08:00-21:00,08:00-21:00,07:00-21:00,08:00-21:00,09:00-21:00,,
194,01-04-2010,AV INDEPENDENCIA MDP,AV. LURO,MAR DEL PLATA,BUENOS AIRES,07:00-22:00,07:00-22:00,07:00-21:00,07:00-22:00,08:00-21:00,09:00-21:00,10:00-20:00,,
195,10-04-2010,MENDOZA,SAN MARTIN 898,MENDOZA,MENDOZA,07:00-21:00,07:00-21:00,07:00-22:00,08:00-21:00,07:00-21:00,Cerrado,Cerrado,,
196,16-04-2010,RECONQUISTA,PRESIDENTE JULIO A. ROCA N 925,ROSARIO,SANTA FE,08:00-21:00,07:00-21:00,07:00-22:00,08:00-21:00,07:00-21:00,10:00-14:00,10:00-14:00,,
197,27-04-2010,GARIN,AV. GRAL. BELGRANO N 105458,GARIN,BUENOS AIRES,07:00-22:00,07:00-22:00,07:00-21:00,08:00-21:00,07:00-21:00,Cerrado,10:00-20:00,,
198,28-04-2010,LUIS GUILLON,BOULEVARD BUENOS AIRES 1235,LOMAS DE ZAMORA,BUENOS AIRES,07:00-21:00,07:00-21:00,08:00-21:00,07:00-22:00,08:00-21:00,10:00-14:00,10:00-20:00,,
199,13-05-2010,ROQUE PEREZ,ALSINA 1236,ROQUE PEREZ,BUENOS AIRES,08:00-21:00,07:00-22:00,08:00-21:00,07:00-22:00,07:00-21:00,Cerrado,08:00-21:00,,
200,23-05-2010,PASEO COSTERO VICENTE LOPEZ,AV. DEL LIBERTADOR,VICENTE LOPEZ,BUENOS AIRES,08:00-21:00,07:00-21:00,07:00-21:00,07:00-22:00,07:00-21:00,08:00-21:00,09:00-21:00,,
201,26-05-2010,AV. MAIPU,AV. MAIPU 3093,OLIVOS,BUENOS AIRES,08:00-21:00,07:00-21:00,07:00-21:00,07:00-22:00,07:00-22:00,Cerrado,10:00-20:00,,
202,26-05-2010,DON TORCUATO,AV. ALVEAR Y CARLOS,DON TORCUATO,BUENOS AIRES,07:00-22:00,07:00-22:00,07:00-22:00,08:00-21:00,07:00-21:00,09:00-21:00,08:00-21:00,,
203,30-05-2010,AV CORDOBA,AV. CORDOBA 3411,MONSERRAT,CAPITAL FEDERAL,07:00-21:00,07:00-21:00,07:00-22:00,08:00-21:00,08:00-21:00,09:00-21:00,10:00-14:00,,
204,30-05-2010,ISIDRO CASANOVA,AV. JUAN MANUEL DE ROSAS N 674551,HAEDO,BUENOS AIRES,07:00-21:00,08:00-21:00,08:00-21:00,07:00-21:00,08:00-21:00,09:00-21:00,Cerrado,,
205,21-06-2010,CANITAS,AV. LUIS MARIA CAMPOS,BELGRANO,CAPITAL FEDERAL,07:00-22:00,07:00-22:00,07:00-22:00,07:00-22:00,08:00-21:00,10:00-14:00,10:00-14:00,,
206,25-06-2010,SARANDI,AV. MITRE 2728,TANDIL,BUENOS AIRES,07:00-22:00,08:00-21:00,08:00-21:00,08:00-21:00,07:00-22:00,Cerrado,08:00-21:00,,
207,28-06-2010,SANTO TOME,DOMINGO F. SARMIENTO 1958,SANTA FE,SANTA FE,07:00-21:00,07:00-22:00,07:00-21:00,07:00-22:00,07:00-22:00,10:00-20:00,10:00-14:00,,
208,04-07-2010,PARQUE INDUSTRIAL BURZACO,LUIS MARA DRAGO N 1951,BURZACO,BUENOS AIRES,07:00-22:00,07:00-22:00,07:00-22:00,08:00-21:00,07:00-22:00,10:00-14:00,09:00-21:00,,
209,10-07-2010,SALGUERO,AV. LAS HERAS,BELGRANO,CAPITAL FEDERAL,07:00-21:00,08:00-21:00,07:00-22:00,07:00-21:00,07:00-22:00,Cerrado,Cerrado,,
210,17-07-2010,TRIBUNALES,AV. CORRIENTES 1427,SAN CRISTOBAL,CAPITAL FEDERAL,07:00-22:00,08:00-21:00,07:00-21:00,07:00-22:00,07:00-22:00,10:00-14:00,10:00-20:00,,
211,25-07-2010,MONSERRAT,AV. BELGRANO 980,MONSERRAT,CAPITAL FEDERAL,07:00-21:00,08:00-21:00,07:00-21:00,08:00-21:00,08:00-21:00,Cerrado,Cerrado,,
212,27-07-2010,COLEGIALES,AV. CABILDO 769,COLEGIALES,CAPITAL FEDERAL,07:00-21:00,07:00-21:00,07:00-22:00,08:00-21:00,08:00-21:00,10:00-20:00,Cerrado,,
213,08-08-2010,ESTACION LANUS,HIPOLITO YRIGOYEN,LANUS,BUENOS AIRES,08:00-21:00,07:00-21:00,07:00-21:00,08:00-21:00,07:00-21:00,09:00-21:00,10:00-20:00,,
214,19-08-2010,DIAGONAL 74 LA PLATA,CALLE 47,LA PLATA,BUENOS AIRES,07:00-22:00,07:00-22:00,07:00-22:00,07:00-22:00,07:00-22:00,09:00-21:00,08:00-21:00,,
215,21-08-2010,DEL ABASTO ROSARIO,AV. PELLEGRINI,ROSARIO,SANTA FE,07:00-21:00,07:00-21:00,07:00-21:00,07:00-21:00,08:00-21:00,09:00-21:00,10:00-20:00,,
216,15-09-2010,PATERNAL,AV. SAN MARTIN 2219,PATERNAL,CAPITAL FEDERAL,08:00-21:00,07:00-21:00,07:00-21:00,07:00-22:00,07:00-22:00,09:00-21:00,10:00-14:00,,
217,04-10-2010,PANAMERICANA MARTINEZ,PRILIDIANO PUEYRREDON,MARTINEZ,BUENOS AIRES,08:00-21:00,08:00-21:00,07:00-21:00,07:00-22:00,07:00-22:00,Cerrado,10:00-14:00,,
218,11-10-2010,UADE,AVDA. INDEPENDENCIA 1155,CABALLITO,CAPITAL FEDERAL,07:00-22:00,08:00-21:00,07:00-21:00,07:00-22:00,07:00-21:00,09:00-21:00,08:00-21:00,,
219,15-10-2010,RIO GRANDE,LIBERTAD 793,Rio Grande,TIERRA DEL FUEGO,08:00-21:00,07:00-22:00,07:00-22:00,07:00-21:00,07:00-22:00,Cerrado,08:00-21:00,,
220,17-10-2010,SAN JUSTO,AV. JUAN MANUEL DE ROSAS 3801,SAN JUSTO,BUENOS AIRES,07:00-22:00,07:00-21:00,07:00-21:00,07:00-21:00,07:00-21:00,09:00-21:00,10:00-14:00,,
221,23-10-2010,OFICINA DIGITAL BELGRANO,AV. CABILDO,BELGRANO,CAPITAL FEDERAL,08:00-21:00,07:00-21:00,07:00-22:00,08:00-21:00,07:00-21:00,10:00-20:00,09:00-21:00,,
222,28-10-2010,CANUELAS,AV. LIBERTAD 673,CANUELAS,BUENOS AIRES,07:00-22:00,07:00-21:00,07:00-21:00,07:00-21:00,07:00-21:00,10:00-14:00,09:00-21:00,,
223,03-11-2010,ROSARIO CENTRO,BOULEVARD ORONO,ROSARIO,SANTA FE,07:00-22:00,07:00-22:00,08:00-21:00,07:00-22:00,08:00-21:00,10:00-14:00,Cerrado,,
224,12-11-2010,TUCUMAN - YERBA BUENA,ACONQUIJA 1395,SAN M. DE TUCUMAN,TUCUMAN,08:00-21:00,07:00-22:00,08:00-21:00,07:00-21:00,08:00-21:00,10:00-14:00,08:00-21:00,,
225,14-11-2010,VILLA LYNCH,AV. PRES. JUAN. D. PERN N 4540,SAN MARTIN,BUENOS AIRES,07:00-21:00,08:00-21:00,08:00-21:00,07:00-22:00,08:00-21:00,10:00-20:00,Cerrado,,
226,15-11-2010,JOSE LEON SUAREZ,JUAN MANUEL DE ROSAS 2435,JOSE LEON SUAREZ,BUENOS AIRES,08:00-21:00,07:00-22:00,08:00-21:00,08:00-21:00,08:00-21:00,10:00-20:00,10:00-20:00,,
227,29-11-2010,TORCUATO PANAMERICANA,RIOBAMBA N 1515 ESQUINA ANGEL ALVEAR,DON TORCUATO,BUENOS AIRES,07:00-21:00,08:00-21:00,08:00-21:00,07:00-22:00,07:00-21:00,Cerrado,Cerrado,,
228,02-12-2010,CENTRO VILLA MERCEDES,COLON,VILLA MERCEDES,SAN LUIS,07:00-22:00,07:00-21:00,07:00-22:00,08:00-21:00,07:00-22:00,10:00-20:00,08:00-21:00,,
229,07-12-2010,CAMPANA,ING. A.ROCCA 71,CAMPANA,BUENOS AIRES,07:00-22:00,07:00-22:00,07:00-21:00,07:00-21:00,07:00-21:00,Cerrado,08:00-21:00,,
230,16-12-2010,ALTA GRACIA,PADRE GRENON 207 ESQ. ARTURO ILLIA,ALTA GRACIA,CORDOBA,07:00-22:00,07:00-22:00,07:00-22:00,07:00-22:00,07:00-21:00,10:00-20:00,10:00-14:00,,
231,25-12-2010,GRAL. SAN MARTIN - MENDOZA,AV. BOULOGNE SUR MER 150,GRAL. SAN MARTIN,MENDOZA,08:00-21:00,07:00-21:00,08:00-21:00,07:00-22:00,07:00-22:00,10:00-20:00,10:00-20:00,,
232,15-01-2011,MATADEROS,AV. J.B.ALBERDI 6367,MATADEROS,CAPITAL FEDERAL,07:00-21:00,08:00-21:00,08:00-21:00,07:00-22:00,07:00-22:00,10:00-14:00,08:00-21:00,,
233,18-01-2011,CALCHAQUI,AV. CALCHAQUI 1602,QUILMES,BUENOS AIRES,08:00-21:00,07:00-21:00,07:00-22:00,07:00-21:00,07:00-21:00,08:00-21:00,09:00-21:00,,
234,23-02-2011,ROSARIO - AV. PELLEGRINI,AV. CARLOS PELLEGRINI 1863,ROSARIO,SANTA FE,07:00-21:00,07:00-21:00,07:00-21:00,07:00-22:00,08:00-21:00,10:00-20:00,10:00-20:00,,
235,28-02-2011,,,,,08:00-21:00,07:00-21:00,07:00-22:00,07:00-21:00,07:00-21:00,Cerrado,Cerrado,,
236,03-03-2011,MENDOZA - SAN RAFAEL,DR. CARLOS PELLEGRINI 270,SAN RAFAEL,MENDOZA,07:00-22:00,07:00-21:00,07:00-21:00,07:00-22:00,07:00-21:00,08:00-21:00,10:00-14:00,,
237,05-03-2011,CENTRO PORTENO,MAIP 440,MICROCENTRO,CAPITAL FEDERAL,08:00-21:00,08:00-21:00,08:00-21:00,08:00-21:00,08:00-21:00,08:00-21:00,08:00-21:00,,
238,07-03-2011,AV. CABILDO,AV. CABILDO 1741,BELGRANO,CAPITAL FEDERAL,07:00-21:00,08:00-21:00,07:00-22:00,08:00-21:00,07:00-22:00,Cerrado,09:00-21:00,,
239,15-03-2011,BV M.T ALVEAR NEUQUEN,M.T. ALVEAR,NEUQUEN,NEUQUEN,08:00-21:00,07:00-22:00,07:00-21:00,07:00-22:00,08:00-21:00,09:00-21:00,10:00-14:00,,
240,24-03-2011,S. DEL ESTERO - AV. BELGRANO,AV. BELGRANO SUR 1987,SGTO DEL ESTERO,SANTIAGO DEL ESTERO,07:00-21:00,07:00-22:00,07:00-22:00,07:00-22:00,07:00-21:00,08:00-21:00,08:00-21:00,,
241,25-03-2011,OFICINA DIGITAL RECOLETA,AV. GELLY Y OBES 2206,RECOLETA,CAPITAL FEDERAL,07:00-22:00,08:00-21:00,08:00-21:00,07:00-21:00,07:00-22:00,10:00-20:00,09:00-21:00,,
242,26-03-2011,BELGRANO,AV. CABILDO 2491 2499,BELGRANO,CAPITAL FEDERAL,07:00-21:00,07:00-21:00,08:00-21:00,07:00-21:00,08:00-21:00,08:00-21:00,10:00-14:00,,
243,01-04-2011,TORTUGAS MALL,PANAMERICANA RAMAL PILAR KILMETRO 35.5.,GARIN,BUENOS AIRES,08:00-21:00,07:00-21:00,07:00-22:00,08:00-21:00,07:00-21:00,10:00-20:00,Cerrado,,
244,25-04-2011,PASEO DEL SIGLO,CORDOBA 1669,BELGRANO,SANTA FE,07:00-22:00,07:00-22:00,07:00-21:00,07:00-22:00,07:00-21:00,09:00-21:00,08:00-21:00,,
245,29-04-2011,VILLA GESELL,AV. 3 NRO 250 ENTRE 102 Y 104,VILLA GESELL,BUENOS AIRES,07:00-22:00,07:00-22:00,08:00-21:00,07:00-22:00,07:00-22:00,08:00-21:00,10:00-20:00,,
246,14-05-2011,PEATONAL MENDOZA,AV. SAN MARTIN,MENDOZA,MENDOZA,07:00-21:00,07:00-21:00,07:00-21:00,08:00-21:00,07:00-21:00,08:00-21:00,Cerrado,,
247,16-05-2011,BOULEVARD ORONO,AV BOULEVARD ORONO N 981,ROSARIO,SANTA FE,07:00-22:00,07:00-22:00,08:00-21:00,07:00-22:00,07:00-21:00,10:00-20:00,09:00-21:00,,
248,17-05-2011,BELGRANO R,RMULO NAN 1802,BELGRANO,CAPITAL FEDERAL,07:00-22:00,07:00-22:00,08:00-21:00,07:00-21:00,07:00-21:00,08:00-21:00,Cerrado,,
249,03-06-2011,EL DORADO,AV. SAN MARTN N 1645,MISIONES,MISIONES,07:00-21:00,08:00-21:00,08:00-21:00,08:00-21:00,07:00-22:00,08:00-21:00,10:00-20:00,,
250,19-06-2011,RIO TERCERO,LIBERTAD 4 ESQUINA SAN MARTIN,RIO TERCERO,CORDOBA,07:00-21:00,07:00-22:00,07:00-21:00,07:00-21:00,07:00-22:00,09:00-21:00,10:00-14:00,,
251,21-06-2011,MORON,N. S. DEL BUEN VIAJE 780,MORON,BUENOS AIRES,07:00-21:00,07:00-22:00,07:00-22:00,08:00-21:00,08:00-21:00,08:00-21:00,10:00-14:00,,
252,24-06-2011,CATALINAS,AVDA. LEANDRO N ALEM 855,MICROCENTRO,CAPITAL FEDERAL,08:00-21:00,07:00-22:00,07:00-21:00,07:00-21:00,07:00-22:00,Cerrado,10:00-14:00,,
253,24-06-2011,MACACHA G�EMES,MACACHA GUEMES,RETIRO,CAPITAL FEDERAL,07:00-21:00,07:00-21:00,07:00-22:00,08:00-21:00,07:00-21:00,10:00-20:00,09:00-21:00,,
254,30-06-2011,ING. MASCHWITZ,AV BENITO VILLANUEVA N 1655,PILAR,BUENOS AIRES,07:00-21:00,07:00-21:00,07:00-22:00,07:00-21:00,08:00-21:00,10:00-20:00,08:00-21:00,,
255,02-07-2011,CONCEPCION - TUCUMAN,9 DE JULIO 62,S. M. DE TUCUMAN,TUCUMAN,07:00-21:00,07:00-21:00,07:00-21:00,08:00-21:00,07:00-21:00,09:00-21:00,09:00-21:00,,
256,18-07-2011,GALERIAS,FLORIDA,MICROCENTRO,CAPITAL FEDERAL,07:00-22:00,07:00-22:00,07:00-22:00,07:00-21:00,07:00-22:00,10:00-20:00,Cerrado,,
257,30-07-2011,CORRIENTES,CARLOS PELEGRINI 1101 Y SAN JUAN 696,CORRIENTES,CORRIENTES,07:00-22:00,08:00-21:00,07:00-21:00,07:00-21:00,07:00-21:00,10:00-14:00,Cerrado,,
258,06-08-2011,ESTACION AV STA FE,AV. SANTA FE,PALERMO,CAPITAL FEDERAL,07:00-21:00,07:00-22:00,08:00-21:00,08:00-21:00,07:00-22:00,09:00-21:00,10:00-20:00,,
259,10-08-2011,PLAZA SAN ISIDRO,ITUZAING 400,SAN ISIDRO,BUENOS AIRES,08:00-21:00,07:00-21:00,07:00-21:00,07:00-22:00,07:00-21:00,09:00-21:00,10:00-14:00,,
260,29-08-2011,QUILMES CENTRO CITI,MORENO,QUILMES,BUENOS AIRES,08:00-21:00,07:00-21:00,07:00-21:00,08:00-21:00,07:00-22:00,08:00-21:00,10:00-14:00,,
261,01-09-2011,AV RAFAEL NUNEZ CORDOBA,RAFAEL NUNEZ,CORDOBA,CORDOBA,08:00-21:00,08:00-21:00,07:00-21:00,08:00-21:00,08:00-21:00,10:00-20:00,Cerrado,,
262,21-09-2011,RETIRO,RECONQUISTA 1104,RETIRO,CAPITAL FEDERAL,08:00-21:00,07:00-21:00,08:00-21:00,08:00-21:00,07:00-21:00,09:00-21:00,09:00-21:00,,
263,22-09-2011,CORDOBA,R. DE SANTA FE 177,CORDOBA,CORDOBA,08:00-21:00,08:00-21:00,07:00-22:00,07:00-21:00,07:00-21:00,Cerrado,10:00-14:00,,
264,01-10-2011,QUILMES,ALSINA 202,QUILMES,BUENOS AIRES,07:00-21:00,08:00-21:00,07:00-22:00,07:00-22:00,07:00-22:00,Cerrado,08:00-21:00,,
265,02-10-2011,BAHIA BLANCA CALLE CHICLANA,CHICLANA,BAHIA BLANCA,BUENOS AIRES,07:00-21:00,07:00-21:00,07:00-22:00,07:00-22:00,07:00-22:00,09:00-21:00,10:00-20:00,,
266,04-10-2011,PARAGUAY,ESMERALDA 902,MICROCENTRO,CAPITAL FEDERAL,07:00-21:00,07:00-21:00,07:00-21:00,07:00-22:00,08:00-21:00,10:00-14:00,10:00-20:00,,
267,19-10-2011,PEATONAL DE SANTA FE,SAN GERONIMO,SANTA FE,SANTA FE,07:00-21:00,07:00-22:00,08:00-21:00,07:00-21:00,07:00-22:00,10:00-14:00,08:00-21:00,,
268,19-10-2011,PARQUE LEZAMA,MARTN GARCA N 673,BARRACAS,CAPITAL FEDERAL,08:00-21:00,07:00-21:00,08:00-21:00,07:00-22:00,07:00-21:00,Cerrado,10:00-20:00,,
269,21-10-2011,POLVORINES,PRESIDENTE PERN 2888,LEDESMA,BUENOS AIRES,07:00-22:00,07:00-22:00,07:00-22:00,08:00-21:00,07:00-21:00,10:00-14:00,08:00-21:00,,
270,3-11-2011,ESTACION LINIERS,MONTIEL,LINIERS,CAPITAL FEDERAL,07:00-21:00,08:00-21:00,07:00-22:00,07:00-21:00,08:00-21:00,08:00-21:00,09:00-21:00,,
271,26-11-2011,WILDE,AV. MITRE 6222,WILDE,BUENOS AIRES,07:00-21:00,08:00-21:00,07:00-21:00,08:00-21:00,07:00-21:00,10:00-20:00,Cerrado,,
272,30-11-2011,PUERTO MADERO,A. M DE JUSTO 164,RETIRO,CAPITAL FEDERAL,08:00-21:00,07:00-21:00,07:00-22:00,07:00-22:00,07:00-21:00,10:00-14:00,Cerrado,,
273,06-12-2011,AV. DE LOS CONSTITUYENTES,AV. CONSTITUYENTES 5857,VILLA URQUIZA,CAPITAL FEDERAL,08:00-21:00,08:00-21:00,07:00-22:00,07:00-21:00,07:00-22:00,09:00-21:00,Cerrado,,
274,06-12-2011,BAHIA BLANCA - CENTRO,DONADO,BAHIA BLANCA,BUENOS AIRES,07:00-22:00,07:00-22:00,07:00-21:00,08:00-21:00,07:00-21:00,Cerrado,08:00-21:00,,
275,15-12-2011,BERNAL,AV. SAN MARTIN 474,BERNAL,BUENOS AIRES,08:00-21:00,08:00-21:00,07:00-22:00,08:00-21:00,07:00-22:00,08:00-21:00,10:00-20:00,,
276,30-12-2011,PARQUE LELOIR,CARLOS PELLEGRINI,CASTELAR,BUENOS AIRES,08:00-21:00,08:00-21:00,07:00-22:00,08:00-21:00,08:00-21:00,10:00-14:00,09:00-21:00,,
277,06-01-2012,SAN VICENTE,25 DE MAYO N 281,SAN VICENTE,BUENOS AIRES,07:00-22:00,07:00-21:00,08:00-21:00,07:00-22:00,07:00-21:00,10:00-14:00,08:00-21:00,,
278,07-01-2012,FRANCK,SAN MARTIN 2401 ESQ MORENO,SANTA FE,SANTA FE,07:00-21:00,08:00-21:00,07:00-22:00,07:00-21:00,08:00-21:00,10:00-20:00,09:00-21:00,,
279,13-01-2012,ANGEL GALLARDO,AV. CORRIENTES 4626,VILLA CRESPO,CAPITAL FEDERAL,07:00-22:00,07:00-21:00,07:00-21:00,07:00-21:00,07:00-21:00,10:00-14:00,09:00-21:00,,
280,31-01-2012,ESPERANZA,RIVADAVIA 2192,SANTA FE,SANTA FE,07:00-22:00,07:00-21:00,08:00-21:00,07:00-22:00,08:00-21:00,08:00-21:00,10:00-20:00,,
281,12-02-2012,DOLORES,LEANDRO N. ALM N 217,DOLORES,BUENOS AIRES,07:00-22:00,07:00-21:00,08:00-21:00,07:00-21:00,07:00-21:00,09:00-21:00,08:00-21:00,,
282,01-03-2012,VICTORIA,J. D. PERON 3400,VICTORIA,BUENOS AIRES,07:00-22:00,08:00-21:00,07:00-21:00,07:00-21:00,08:00-21:00,08:00-21:00,10:00-14:00,,
283,01-03-2012,9 DE JULIO,AV. SAN MARTN 1237,9 DE JULIO,BUENOS AIRES,08:00-21:00,07:00-21:00,08:00-21:00,08:00-21:00,08:00-21:00,10:00-14:00,09:00-21:00,,
284,10-03-2012,FLORES SUR,ECHEANDIA 2602,FLORES,CAPITAL FEDERAL,07:00-21:00,08:00-21:00,08:00-21:00,07:00-22:00,07:00-21:00,10:00-20:00,10:00-14:00,,
285,11-03-2012,BARRACAS,AV. MONTES DE OCA 895,BARRACAS,CAPITAL FEDERAL,07:00-22:00,07:00-21:00,08:00-21:00,07:00-22:00,07:00-21:00,09:00-21:00,08:00-21:00,,
286,22-03-2012,VILLA DE LUJAN,CARLOS PELLEGRINI N 1139,LUJAN,BUENOS AIRES,07:00-22:00,08:00-21:00,08:00-21:00,07:00-21:00,07:00-22:00,08:00-21:00,09:00-21:00,,
287,22-03-2012,CAPITALINAS - CORDOBA,HUMBERTO PRIMO 650 P.B ESQ. FRAGUEIRO,CORDOBA,CORDOBA,07:00-21:00,07:00-22:00,07:00-21:00,08:00-21:00,08:00-21:00,10:00-14:00,Cerrado,,
288,02-04-2012,25 DE MAYO,25 DE MAYO 140,MICROCENTRO,CAPITAL FEDERAL,07:00-22:00,07:00-21:00,07:00-21:00,08:00-21:00,07:00-21:00,10:00-14:00,08:00-21:00,,
289,05-04-2012,PLAZA SAN JUSTO,SALTA,SAN JUSTO,BUENOS AIRES,07:00-22:00,07:00-22:00,07:00-22:00,07:00-22:00,07:00-21:00,10:00-14:00,09:00-21:00,,
290,21-04-2012,CALETA OLIVIA,25 DE MAYO 340,SANTA CRUZ,SANTA CRUZ,07:00-21:00,07:00-22:00,07:00-21:00,07:00-22:00,07:00-21:00,08:00-21:00,10:00-14:00,,
291,25-04-2012,SAN PEDRO,BME. MITRE 699,SAN PEDRO,BUENOS AIRES,07:00-22:00,07:00-21:00,07:00-21:00,08:00-21:00,07:00-22:00,10:00-14:00,09:00-21:00,,
292,07-05-2012,LA REJA,AV. GAONA 11024,LUJAN,BUENOS AIRES,07:00-21:00,08:00-21:00,07:00-22:00,08:00-21:00,07:00-21:00,09:00-21:00,10:00-20:00,,
293,12-05-2012,SALTA AV. BELGRANO,BELGRANO 977,SALTA,SALTA,07:00-21:00,07:00-21:00,07:00-22:00,08:00-21:00,07:00-22:00,10:00-20:00,Cerrado,,
294,19-05-2012,PARQUE INDUSTRIAL PILAR,CALLE 9 Y CALLE DEL CANAL - PLANTA EXAL,PILAR,BUENOS AIRES,08:00-21:00,07:00-21:00,07:00-21:00,07:00-22:00,08:00-21:00,Cerrado,10:00-14:00,,
295,29-05-2012,AV. LURO MAR DEL PLATA,AV. LURO 6590,MAR DEL PLATA,BUENOS AIRES,07:00-22:00,07:00-22:00,08:00-21:00,07:00-22:00,07:00-22:00,Cerrado,09:00-21:00,,
296,11-06-2012,ALEM,AV. LEANDRO N. ALEM 456,CENTRO,CAPITAL FEDERAL,07:00-21:00,07:00-22:00,07:00-21:00,08:00-21:00,08:00-21:00,10:00-14:00,Cerrado,,
297,13-06-2012,GRAL ALVEAR,JUAN DOMINGO PERON,GRAL ROCA,BUENOS AIRES,08:00-21:00,07:00-22:00,07:00-21:00,07:00-22:00,07:00-21:00,08:00-21:00,08:00-21:00,,
298,16-06-2012,MENDOZA TRIBUNALES,ESPANA 628,MENDOZA,MENDOZA,07:00-22:00,08:00-21:00,07:00-22:00,07:00-21:00,08:00-21:00,08:00-21:00,08:00-21:00,,
299,24-06-2012,VIEDMA,SAN MARTIN 53,VIEDMA,RIO NEGRO,07:00-22:00,07:00-21:00,07:00-22:00,07:00-21:00,07:00-22:00,10:00-14:00,08:00-21:00,,
300,18-07-2012,CATAMARCA,ESQUIU 426,CATAMARCA,CATAMARCA,07:00-22:00,07:00-22:00,07:00-21:00,08:00-21:00,08:00-21:00,Cerrado,10:00-14:00,,
301,18-07-2012,BAJOS DEL NEUQUEN,OLASCOAGA 250,NEUQUEN,NEUQUEN,07:00-22:00,07:00-22:00,08:00-21:00,07:00-22:00,08:00-21:00,10:00-20:00,09:00-21:00,,
302,19-07-2012,ACASSUSO,AV. SANTA FE 900,ACASSUSO,BUENOS AIRES,07:00-21:00,08:00-21:00,08:00-21:00,08:00-21:00,07:00-21:00,08:00-21:00,10:00-14:00,,
303,22-07-2012,VILLA LURO,AV. RIVADAVIA 9711,VILLA LURO,CAPITAL FEDERAL,07:00-22:00,07:00-22:00,07:00-22:00,08:00-21:00,07:00-22:00,10:00-20:00,08:00-21:00,,
304,31-07-2012,GRA. LAS HERAS,LAS HERAS 864,NECOCHEA,BUENOS AIRES,07:00-21:00,07:00-21:00,07:00-22:00,07:00-21:00,07:00-22:00,Cerrado,10:00-20:00,,
305,14-08-2012,EL SALVADOR,VIAMONTE 1816 ESQUINA CALLAO 692,CENTRO,CAPITAL FEDERAL,08:00-21:00,08:00-21:00,08:00-21:00,07:00-22:00,08:00-21:00,10:00-14:00,10:00-14:00,,
306,16-08-2012,ROJAS,BARTOLOME MITRE 363,ROJAS,BUENOS AIRES,07:00-22:00,07:00-22:00,08:00-21:00,07:00-21:00,08:00-21:00,10:00-20:00,08:00-21:00,,
307,21-08-2012,CNEL. SUAREZ,BELGRANO 1302,CORONEL SUAREZ,BUENOS AIRES,07:00-21:00,08:00-21:00,07:00-22:00,07:00-21:00,07:00-21:00,Cerrado,10:00-14:00,,
308,21-08-2012,BALVANERA SUD,MORENO 2400,BALVANERA,CAPITAL FEDERAL,07:00-21:00,07:00-21:00,08:00-21:00,07:00-21:00,08:00-21:00,Cerrado,09:00-21:00,,
309,01-09-2012,LOMAS DE ZAMORA CENTRO,ALEM,LOMAS DE ZAMORA,BUENOS AIRES,08:00-21:00,07:00-22:00,07:00-22:00,07:00-21:00,07:00-22:00,08:00-21:00,Cerrado,,
310,11-09-2012,DAIREAUX,BELGRANO,CAPILLA DEL SENOR,BUENOS AIRES,07:00-22:00,08:00-21:00,08:00-21:00,08:00-21:00,07:00-22:00,08:00-21:00,10:00-14:00,,
311,19-09-2012,TANDIL,9 DE JULIO 469,TANDIL,BUENOS AIRES,08:00-21:00,07:00-22:00,08:00-21:00,07:00-22:00,07:00-22:00,08:00-21:00,10:00-14:00,,
312,23-09-2012,PUERTO DE OLIVOS,AVDA. DEL LIBERTADOR 2715,OLIVOS,BUENOS AIRES,08:00-21:00,07:00-21:00,08:00-21:00,07:00-21:00,08:00-21:00,10:00-14:00,10:00-14:00,,
313,08-10-2012,TUCUMAN SUR,LAMADRID 399,S. M. DE TUCUMAN,TUCUMAN,07:00-22:00,07:00-21:00,07:00-21:00,08:00-21:00,07:00-22:00,Cerrado,10:00-20:00,,
314,10-10-2012,SAAVEDRA,AV. CABILDO 465864,SAAVEDRA,CAPITAL FEDERAL,07:00-22:00,08:00-21:00,08:00-21:00,08:00-21:00,08:00-21:00,Cerrado,10:00-20:00,,
315,16-10-2012,RESISTENCIA,ARTURO FRONDIZI 102,RESISTENCIA,CHACO,07:00-22:00,07:00-21:00,07:00-21:00,07:00-22:00,07:00-22:00,09:00-21:00,Cerrado,,
316,22-10-2012,JUAN B.JUSTO,JUAN B. JUSTO 1271,PALERMO,CAPITAL FEDERAL,07:00-22:00,07:00-21:00,07:00-22:00,08:00-21:00,07:00-22:00,Cerrado,10:00-14:00,,
317,03-11-2012,LANUS,AV. H. YRIGOYEN 3703,LANUS,BUENOS AIRES,07:00-22:00,07:00-22:00,07:00-22:00,08:00-21:00,07:00-21:00,10:00-14:00,10:00-14:00,,
318,07-11-2012,FLORES,AV. RIVADAVIA 6902,FLORES,CAPITAL FEDERAL,07:00-22:00,07:00-22:00,07:00-22:00,07:00-22:00,08:00-21:00,Cerrado,10:00-14:00,,
319,16-11-2012,VILLA CONSTITUCION,BELGRANO 118098,CONSTITUCION,SANTA FE,07:00-22:00,08:00-21:00,07:00-22:00,07:00-22:00,07:00-22:00,09:00-21:00,Cerrado,,
320,17-11-2012,OFICINA DIGITAL MICROCENTRO,RECONQUISTA 966,RETIRO,CAPITAL FEDERAL,07:00-21:00,07:00-22:00,08:00-21:00,07:00-21:00,08:00-21:00,09:00-21:00,10:00-20:00,,
321,19-11-2012,CALLE ALVEAR MARTINEZ,ALVEAR,MARTINEZ,BUENOS AIRES,07:00-21:00,07:00-21:00,07:00-21:00,07:00-21:00,08:00-21:00,10:00-14:00,10:00-20:00,,
322,21-11-2012,TABLADA,CROVARA 116973,TABLADA,BUENOS AIRES,07:00-21:00,07:00-21:00,07:00-22:00,08:00-21:00,07:00-21:00,10:00-20:00,Cerrado,,
323,07-12-2012,MORENO,BARTOLOM MITRE 3137,MORENO,BUENOS AIRES,08:00-21:00,07:00-22:00,08:00-21:00,07:00-21:00,07:00-22:00,10:00-14:00,10:00-20:00,,
324,10-12-2012,LA CALERA,REYNA 102 ESQUINA GENERAL PAZ,V CARLOS PAZ,CORDOBA,07:00-22:00,08:00-21:00,07:00-21:00,07:00-22:00,07:00-21:00,Cerrado,10:00-14:00,,
325,16-12-2012,PLAZA MORON,GRAL. JOS DE SAN MARTN 171,MORON,BUENOS AIRES,07:00-21:00,07:00-22:00,08:00-21:00,08:00-21:00,08:00-21:00,08:00-21:00,09:00-21:00,,
326,18-12-2012,RIO CUARTO,CONSTITUCION 602,RIO CUARTO,CORDOBA,07:00-22:00,08:00-21:00,08:00-21:00,07:00-22:00,08:00-21:00,08:00-21:00,Cerrado,,
327,21-12-2012,PEATONAL FLORIDA,FLORIDA,MICROCENTRO,CAPITAL FEDERAL,07:00-21:00,07:00-22:00,08:00-21:00,07:00-22:00,07:00-21:00,Cerrado,10:00-20:00,,
328,31-12-2012,ESTACION MAIPU,AVDA. MAIPU 2453,OLIVOS,BUENOS AIRES,08:00-21:00,07:00-21:00,07:00-22:00,08:00-21:00,07:00-22:00,08:00-21:00,08:00-21:00,,
329,07-02-2013,CERRO DE LAS ROSAS,AVENIDA RAFAEL NUNES 4174,CORDOBA,CORDOBA,07:00-21:00,07:00-22:00,07:00-21:00,08:00-21:00,08:00-21:00,08:00-21:00,09:00-21:00,,
330,12-02-2013,SAN SALVADOR DE JUJUY,ALVEAR 802,S S JUJUY,JUJUY,08:00-21:00,07:00-21:00,08:00-21:00,08:00-21:00,08:00-21:00,08:00-21:00,09:00-21:00,,
331,13-02-2013,TUCUMAN - CENTRO,CRISOSTOMO ALVAREZ 651,S M DE TUCUMAN,TUCUMAN,07:00-22:00,07:00-21:00,07:00-21:00,07:00-21:00,08:00-21:00,Cerrado,09:00-21:00,,
332,15-02-2013,NUEVA BOEDO,AV RIVADAVIA 3681,ALMAGRO,CAPITAL FEDERAL,08:00-21:00,07:00-22:00,07:00-22:00,07:00-22:00,07:00-21:00,10:00-20:00,09:00-21:00,,
333,22-02-2013,VILLA CANAS,AVDA. 50 N 93 ESQUINA CALLE 53,SANTA FE GALVEZ,SANTA FE,07:00-21:00,07:00-21:00,08:00-21:00,07:00-21:00,07:00-22:00,09:00-21:00,10:00-20:00,,
334,18-03-2013,MARQUEZ,AV. ROLON 117,BOULOGNE,BUENOS AIRES,07:00-21:00,08:00-21:00,07:00-21:00,08:00-21:00,07:00-22:00,10:00-14:00,09:00-21:00,,
335,23-03-2013,LOMAS DE ZAMORA,AV. H. YRIGOYEN 8820,LOMAS DE ZAMORA,BUENOS AIRES,08:00-21:00,08:00-21:00,08:00-21:00,08:00-21:00,07:00-22:00,08:00-21:00,Cerrado,,
336,29-03-2013,BELLA VISTA,AV. SENADOR MORN 878,GRAL. RODRIGUEZ,BUENOS AIRES,07:00-21:00,07:00-21:00,07:00-21:00,07:00-22:00,07:00-22:00,10:00-20:00,09:00-21:00,,
337,02-05-2013,PEDRO GOYENA,AV. JUAN BAUTISTA ALBERDI 1617,CABALLITO,CAPITAL FEDERAL,07:00-21:00,07:00-22:00,07:00-22:00,07:00-21:00,07:00-22:00,10:00-20:00,10:00-20:00,,
338,10-05-2013,PARQUE PATRICIOS,AV. CASEROS 2795,PARQUE PATRICIOS,CAPITAL FEDERAL,08:00-21:00,07:00-22:00,08:00-21:00,07:00-21:00,08:00-21:00,09:00-21:00,10:00-20:00,,
339,30-05-2013,BARADERO,SANTA MARA DE ORO 525,BARADERO,BUENOS AIRES,07:00-22:00,07:00-22:00,07:00-22:00,07:00-21:00,07:00-21:00,10:00-14:00,08:00-21:00,,
340,07-06-2013,NAVARRO,CALLE 22 BM. MITRE N 46975,MONTE GRANDE,BUENOS AIRES,07:00-21:00,07:00-22:00,08:00-21:00,07:00-22:00,07:00-21:00,Cerrado,10:00-14:00,,
341,22-06-2013,JUSTINIANO POSSE,AV. DE MAYO N 255,CORDOBA,CORDOBA,08:00-21:00,08:00-21:00,07:00-21:00,07:00-22:00,07:00-21:00,10:00-14:00,Cerrado,,
342,25-06-2013,CONCORDIA,AV. EVA PERN N 133452,CONCORDIA,ENTRE RIOS,08:00-21:00,07:00-22:00,08:00-21:00,08:00-21:00,07:00-21:00,10:00-14:00,Cerrado,,
343,02-07-2013,CABALLITO,AV. RIVADAVIA 517377,CABALLITO,CAPITAL FEDERAL,07:00-22:00,07:00-22:00,08:00-21:00,08:00-21:00,07:00-22:00,10:00-14:00,10:00-14:00,,
344,06-07-2013,ROSARIO PUERTO NORTE,MADRES DEL LA PLAZA 25 DE MAYO 3070,ROSARIO,SANTA FE,07:00-22:00,08:00-21:00,07:00-22:00,08:00-21:00,08:00-21:00,09:00-21:00,Cerrado,,
345,10-07-2013,LAFERRERE,GENERAL ROJO N 2915 ESQ. HILARIO ASCASUBI,JOSE LEON SUAREZ,BUENOS AIRES,07:00-22:00,08:00-21:00,07:00-22:00,07:00-22:00,08:00-21:00,Cerrado,09:00-21:00,,
346,10-07-2013,ADROGUE CHICO,SEGU N 7646880,ADROGUE,BUENOS AIRES,08:00-21:00,08:00-21:00,07:00-22:00,08:00-21:00,07:00-22:00,08:00-21:00,08:00-21:00,,
347,07-08-2013,G�EMES - SALTA,AV. BELGRANO,SALTA,SALTA,07:00-21:00,07:00-22:00,08:00-21:00,07:00-22:00,07:00-22:00,10:00-14:00,Cerrado,,
348,10-08-2013,ROSARIO PICHINCHA,SALTA 2440,ROSARIO,SANTA FE,07:00-21:00,07:00-22:00,07:00-21:00,07:00-21:00,08:00-21:00,10:00-14:00,09:00-21:00,,
349,11-08-2013,SANTA FE - A. DEL VALLE,BELGRANO 3508,SANTA FE,SANTA FE,07:00-21:00,07:00-21:00,07:00-22:00,08:00-21:00,08:00-21:00,08:00-21:00,08:00-21:00,,
350,12-08-2013,MONTE MAIZ,JUJUY 1309,CORDOBA,CORDOBA,07:00-22:00,08:00-21:00,07:00-22:00,08:00-21:00,08:00-21:00,Cerrado,10:00-14:00,,
351,15-08-2013,LANUS - CENTRO,AV. HIPLITO YRIGOYEN N 4421 25 27,LANUS,BUENOS AIRES,07:00-21:00,08:00-21:00,07:00-22:00,07:00-22:00,07:00-22:00,Cerrado,10:00-14:00,,
352,20-08-2013,LA ISLA,AZCUNAGA 1902,RECOLETA,CAPITAL FEDERAL,08:00-21:00,07:00-21:00,08:00-21:00,08:00-21:00,07:00-22:00,10:00-14:00,08:00-21:00,,
353,22-08-2013,RAMOS MEJIA,ESPORA 51 53,RAMOS MEJIA,BUENOS AIRES,07:00-21:00,07:00-22:00,08:00-21:00,08:00-21:00,07:00-22:00,09:00-21:00,Cerrado,,
354,22-08-2013,PUERTO MADRYN,28 DE JULIO NRO 56,PUERTO MADRIN,CHUBUT,07:00-22:00,08:00-21:00,08:00-21:00,08:00-21:00,07:00-21:00,10:00-14:00,09:00-21:00,,
355,25-09-2013,LUJAN,RIVADAVIA 954,LUJAN,BUENOS AIRES,08:00-21:00,07:00-21:00,08:00-21:00,07:00-22:00,07:00-22:00,09:00-21:00,Cerrado,,
356,28-09-2013,MUNRO,GOBERNADOR UGARTE 3863,MUNRO,BUENOS AIRES,07:00-21:00,08:00-21:00,08:00-21:00,07:00-22:00,07:00-22:00,09:00-21:00,Cerrado,,
357,09-10-2013,TRIUNVIRATO,TRIUNVIRATO 3633,VILLA DEL PARQUE,CAPITAL FEDERAL,07:00-22:00,07:00-22:00,07:00-21:00,08:00-21:00,08:00-21:00,Cerrado,09:00-21:00,,
358,11-10-2013,CHACARITA,FOREST 1187,CHACARITA,CAPITAL FEDERAL,08:00-21:00,07:00-21:00,07:00-22:00,08:00-21:00,08:00-21:00,09:00-21:00,08:00-21:00,,
359,21-10-2013,PUERTO GRAL SAN MARTIN,SAN MARTIN 144 E CORDOBA Y NERBUTTI,ROSARIO,SANTA FE,07:00-21:00,08:00-21:00,08:00-21:00,07:00-21:00,08:00-21:00,10:00-20:00,10:00-20:00,,
360,23-10-2013,VILLA ADELINA,PARANA 6566,CARAPACHAY,BUENOS AIRES,08:00-21:00,07:00-21:00,08:00-21:00,07:00-21:00,07:00-22:00,10:00-14:00,10:00-20:00,,
361,03-11-2013,LAS MAGNOLIAS PILAR,AV. LAS MAGNOLIAS,PILAR,BUENOS AIRES,07:00-21:00,07:00-21:00,08:00-21:00,08:00-21:00,08:00-21:00,10:00-14:00,09:00-21:00,,
362,16-11-2013,CHACABUCO,SARMIENTO 78,CHACABUCO,BUENOS AIRES,07:00-21:00,07:00-22:00,07:00-22:00,07:00-22:00,08:00-21:00,08:00-21:00,08:00-21:00,,
363,08-12-2013,SALTA - TRES CERRITOS,VIRREY TOLEDO 749,SALTA,SALTA,07:00-22:00,07:00-22:00,08:00-21:00,07:00-22:00,07:00-21:00,Cerrado,08:00-21:00,,
364,17-12-2013,GRAL. PACHECO,AV. H. YRIGOYEN 797,GRAL PACHECO,BUENOS AIRES,07:00-22:00,07:00-21:00,08:00-21:00,08:00-21:00,08:00-21:00,10:00-14:00,08:00-21:00,,
365,27-12-2013,CITY BELL,PLAZA BELGRANO NRO 167 ENTRE CANTILO Y CALLE 3,CITY BELL,BUENOS AIRES,07:00-21:00,08:00-21:00,07:00-22:00,07:00-22:00,07:00-22:00,10:00-14:00,10:00-20:00,,
366,06-01-2014,CONGRESO,AV. CALLAO 349,COLEGIALES,CAPITAL FEDERAL,07:00-22:00,08:00-21:00,07:00-22:00,07:00-21:00,08:00-21:00,10:00-14:00,08:00-21:00,,
367,15-01-2014,DEVOTO,ASUNCIN 4189,VILLA DEVOTO,CAPITAL FEDERAL,08:00-21:00,07:00-22:00,08:00-21:00,07:00-21:00,07:00-21:00,09:00-21:00,08:00-21:00,,
368,17-01-2014,MARCOS PAZ,INDEPENDENCIA N 455,BERNAL,BUENOS AIRES,07:00-22:00,08:00-21:00,07:00-21:00,07:00-21:00,08:00-21:00,Cerrado,08:00-21:00,,
369,19-01-2014,SANTA FE,SAN MARTIN 2501,SANTA FE,SANTA FE,07:00-21:00,07:00-21:00,08:00-21:00,07:00-21:00,08:00-21:00,Cerrado,08:00-21:00,,
370,20-01-2014,ONCE,AV. CORRIENTES 2426,MONSERRAT,CAPITAL FEDERAL,07:00-21:00,08:00-21:00,07:00-22:00,08:00-21:00,07:00-22:00,09:00-21:00,10:00-20:00,,
371,24-01-2014,CASA MATRIZ,CALLE 8 ESQ. 50,LA PLATA,BUENOS AIRES,07:00-22:00,07:00-21:00,08:00-21:00,07:00-22:00,07:00-22:00,09:00-21:00,Cerrado,,
372,01-02-2014,AV. PUEYRREDON,AV. PUEYRREDON 1055,RECOLETA,CAPITAL FEDERAL,07:00-22:00,07:00-21:00,07:00-21:00,07:00-21:00,08:00-21:00,10:00-20:00,10:00-14:00,,
373,20-02-2014,VILLAGUAY,BARTOLOM MITRE 565,"""Villaguay""",ENTRE RIOS,07:00-21:00,08:00-21:00,07:00-21:00,08:00-21:00,08:00-21:00,10:00-20:00,Cerrado,,
374,24-02-2014,CENTENARIO - NEUQUEN,PADRE JACINTO STABILE 357,NEUQUEN,NEUQUEN,07:00-21:00,07:00-21:00,07:00-22:00,07:00-21:00,07:00-22:00,09:00-21:00,Cerrado,,
375,10-03-2014,ALSINA,ALSINA 1338,MONSERRAT,CAPITAL FEDERAL,07:00-21:00,07:00-22:00,08:00-21:00,08:00-21:00,07:00-22:00,10:00-20:00,Cerrado,,
376,18-03-2014,SAN MIGUEL CENTRO,AV PTE PERON,SAN MIGUEL,BUENOS AIRES,07:00-21:00,07:00-22:00,07:00-22:00,07:00-21:00,07:00-22:00,09:00-21:00,08:00-21:00,,
377,18-03-2014,SAN MARTIN CENTRO CITI,SALGUERO,SAN MARTIN,BUENOS AIRES,08:00-21:00,07:00-22:00,07:00-22:00,07:00-21:00,08:00-21:00,09:00-21:00,10:00-20:00,,
378,22-03-2014,RAFAELA,SANTA FE 379,RAFAELA,SANTA FE,07:00-22:00,07:00-22:00,07:00-22:00,07:00-22:00,07:00-21:00,09:00-21:00,Cerrado,,
379,05-04-2014,FLORENCIO VARELA,AV. SAN MARTIN 3381,FLORENCIO VARELA,BUENOS AIRES,07:00-22:00,07:00-22:00,08:00-21:00,07:00-21:00,08:00-21:00,08:00-21:00,Cerrado,,
380,06-04-2014,RANCHOS,HIPLITO YRIGOYEN 3270,CHASCOMUS,BUENOS AIRES,07:00-22:00,08:00-21:00,07:00-21:00,08:00-21:00,07:00-22:00,09:00-21:00,Cerrado,,
381,18-04-2014,MENDOZA - RODRIGUEZ PENA,RODRIGUEZ PENA 2600,MENDOZA,MENDOZA,07:00-22:00,07:00-22:00,07:00-22:00,08:00-21:00,07:00-22:00,Cerrado,09:00-21:00,,
382,21-04-2014,VENADO TUERTO,SAN MARTIN 501,VENADO TUERTO,SANTA FE,07:00-22:00,07:00-22:00,07:00-21:00,08:00-21:00,08:00-21:00,10:00-14:00,08:00-21:00,,
383,26-04-2014,ROTONDA DE FLORES,AV. VLEZ SARSFIELD N 3523,CORDOBA,CORDOBA,07:00-22:00,07:00-22:00,08:00-21:00,08:00-21:00,08:00-21:00,09:00-21:00,10:00-14:00,,
384,28-04-2014,JOSE HERNANDEZ,AV. CABILDO,BELGRANO,CAPITAL FEDERAL,08:00-21:00,07:00-22:00,07:00-22:00,07:00-21:00,07:00-22:00,Cerrado,10:00-14:00,,
385,17-05-2014,CALAFATE,JULIO ARGENTINO ROCA N 1257,BARILOCHE,RIO NEGRO,07:00-22:00,08:00-21:00,07:00-22:00,07:00-22:00,07:00-21:00,10:00-20:00,10:00-14:00,,
386,24-05-2014,SANTA ROSA - ITUZAINGO,AV. SANTA ROSA 1556,ITUZAINGO,BUENOS AIRES,08:00-21:00,07:00-21:00,07:00-22:00,08:00-21:00,07:00-22:00,Cerrado,08:00-21:00,,
387,01-06-2014,ROSARIO ALBERDI,ALBERDI 859 861,ROSARIO,SANTA FE,07:00-22:00,07:00-22:00,08:00-21:00,07:00-21:00,07:00-21:00,10:00-14:00,10:00-14:00,,
388,02-06-2014,MENDOZA - GRAL ESPEJO,PATRICIAS MENDOCINAS 1155,MENDOZA,MENDOZA,08:00-21:00,07:00-21:00,07:00-21:00,07:00-21:00,07:00-21:00,Cerrado,10:00-20:00,,
389,10-06-2014,MARTINEZ,AV. SANTA FE 175157,MARTINEZ,BUENOS AIRES,08:00-21:00,08:00-21:00,08:00-21:00,08:00-21:00,07:00-21:00,Cerrado,Cerrado,,
390,26-07-2014,PLAZA FLORES,AV. RIVADAVIA,FLORES,CAPITAL FEDERAL,07:00-22:00,07:00-22:00,08:00-21:00,08:00-21:00,07:00-22:00,09:00-21:00,08:00-21:00,,
391,28-08-2014,LA CARLOTA,HIPLITO IRIGOYEN 127,CORDOBA,CORDOBA,07:00-22:00,07:00-21:00,08:00-21:00,07:00-21:00,07:00-21:00,08:00-21:00,Cerrado,,
392,29-08-2014,HURLINGHAM,AV. JAURETCHE 1576,HURLINGHAM,BUENOS AIRES,07:00-21:00,07:00-22:00,07:00-21:00,07:00-22:00,08:00-21:00,10:00-20:00,10:00-20:00,,
393,31-08-2014,MAIPU MENDOZA,PADRE VAZQUEZ 270,MAIPU,MENDOZA,07:00-22:00,07:00-22:00,07:00-22:00,07:00-21:00,07:00-22:00,10:00-20:00,08:00-21:00,,
394,18-09-2014,ROSARIO SUR,AV. GRAL. SAN MARTIN 5035,ROSARIO,SANTA FE,08:00-21:00,07:00-22:00,08:00-21:00,07:00-22:00,07:00-21:00,Cerrado,10:00-20:00,,
395,24-09-2014,PASEO COLON,PASEO COLON,SAN TELMO,CAPITAL FEDERAL,07:00-22:00,08:00-21:00,07:00-21:00,07:00-22:00,07:00-22:00,10:00-14:00,08:00-21:00,,
396,19-10-2014,VILLA KRAUSE,MENDOZA N 1796,SAN JUAN,SAN JUAN,08:00-21:00,07:00-21:00,07:00-21:00,07:00-21:00,07:00-22:00,08:00-21:00,Cerrado,,
397,03-11-2014,TACUARI,MORENO 766,SAN TELMO,CAPITAL FEDERAL,08:00-21:00,07:00-22:00,07:00-21:00,07:00-22:00,07:00-22:00,08:00-21:00,Cerrado,,
398,14-11-2014,COMODORO RIVADAVIA,CARLOS PELLEGRINI 575,COMODORO RIVADAVIA,CHUBUT,08:00-21:00,07:00-22:00,07:00-21:00,08:00-21:00,07:00-22:00,10:00-20:00,10:00-20:00,,
399,26-11-2014,GUAYMALLEN,AV. LIBERTAD 662,Guaymallen,MENDOZA,07:00-22:00,08:00-21:00,07:00-21:00,07:00-22:00,07:00-21:00,08:00-21:00,10:00-14:00,,
400,26-11-2014,OLAVARRIA,RIVADAVIA 3019,OLAVARRIA,BUENOS AIRES,07:00-21:00,07:00-22:00,07:00-21:00,07:00-21:00,08:00-21:00,09:00-21:00,10:00-14:00,,
401,11-12-2014,CANADA DE GOMEZ,OCAMPO 954,SANTA FE GALVEZ,SANTA FE,08:00-21:00,07:00-22:00,07:00-22:00,07:00-22:00,07:00-22:00,08:00-21:00,09:00-21:00,,
402,16-01-2015,ALICIA MOREAU DE JUSTO,ALICIA MOREAU DE JUSTO 1370,MICROCENTRO,CAPITAL FEDERAL,08:00-21:00,07:00-21:00,07:00-21:00,07:00-21:00,07:00-22:00,Cerrado,08:00-21:00,,
403,16-01-2015,PARQUE RIVADAVIA,AV. RIVADAVIA,CABALLITO,CAPITAL FEDERAL,07:00-21:00,08:00-21:00,07:00-22:00,08:00-21:00,07:00-22:00,08:00-21:00,10:00-14:00,,
404,01-02-2015,RIO GALLEGOS,AV KIRCHNER 568,SANTA CRUZ,SANTA CRUZ,08:00-21:00,07:00-22:00,08:00-21:00,07:00-22:00,07:00-22:00,09:00-21:00,10:00-20:00,,
405,18-03-2015,PLAZA LAVALLE,LAVALLE 1141,RETIRO,CAPITAL FEDERAL,07:00-22:00,07:00-21:00,07:00-21:00,07:00-22:00,08:00-21:00,08:00-21:00,Cerrado,,
406,13-04-2015,VILLA MARIA,SANTA FE 1285,VILLA MARIA,CORDOBA,07:00-21:00,08:00-21:00,08:00-21:00,07:00-22:00,08:00-21:00,08:00-21:00,Cerrado,,
407,21-04-2015,PRIMERA JUNTA,ROSARIO 804,CABALLITO,CAPITAL FEDERAL,07:00-21:00,07:00-21:00,08:00-21:00,07:00-21:00,07:00-22:00,09:00-21:00,10:00-20:00,,
408,13-05-2015,LOS BOULEVARES,LA VOZ DEL INTERIOR 6731,CORDOBA,CORDOBA,07:00-21:00,08:00-21:00,07:00-21:00,08:00-21:00,08:00-21:00,Cerrado,Cerrado,,
409,29-05-2015,PLAZA ALMAGRO,AVDA. CORRIENTES 4136,ALMAGRO,CAPITAL FEDERAL,07:00-22:00,08:00-21:00,07:00-22:00,07:00-22:00,07:00-21:00,Cerrado,09:00-21:00,,
410,06-06-2015,CARLOS CASARES,BRANDSEN 28,ADROGUE,BUENOS AIRES,07:00-21:00,07:00-22:00,07:00-21:00,07:00-22:00,08:00-21:00,10:00-14:00,08:00-21:00,,
411,14-06-2015,BAHIA BLANCA - AVDA SARMIENTO,AV.SARMIENTO N 1237,BAHIA BLANCA,BUENOS AIRES,07:00-21:00,07:00-22:00,07:00-22:00,07:00-21:00,07:00-21:00,Cerrado,09:00-21:00,,
412,28-06-2015,PLOTTIER,JUAN B. JUSTO 62,NEUQUEN,NEUQUEN,07:00-21:00,07:00-21:00,08:00-21:00,08:00-21:00,07:00-21:00,08:00-21:00,Cerrado,,
413,26-07-2015,MACROCENTRO,VIAMONTE,MONSERRAT,CAPITAL FEDERAL,07:00-21:00,07:00-22:00,07:00-22:00,08:00-21:00,08:00-21:00,08:00-21:00,Cerrado,,
414,06-08-2015,VILLA ALLENDE,AV. RIO DE JANEIRO 325,CORDOBA,CORDOBA,07:00-22:00,07:00-21:00,08:00-21:00,07:00-22:00,08:00-21:00,10:00-20:00,08:00-21:00,,
415,07-09-2015,GRAL. PICO,BELGRANO 599,GRAL PICO,LA PAMPA,07:00-21:00,07:00-21:00,08:00-21:00,07:00-21:00,07:00-21:00,09:00-21:00,Cerrado,,
416,07-09-2015,SAN JUAN,MENDOZA 170 SUR,SAN JUAN,SAN JUAN,08:00-21:00,07:00-22:00,07:00-22:00,07:00-21:00,07:00-21:00,10:00-14:00,10:00-14:00,,
417,14-09-2015,JUNCAL,JUNCAL 735,MICROCENTRO,CAPITAL FEDERAL,07:00-21:00,07:00-21:00,07:00-22:00,07:00-21:00,08:00-21:00,08:00-21:00,Cerrado,,
418,16-11-2015,AZUL,25 DE MAYO 599,AZUL,BUENOS AIRES,07:00-22:00,07:00-21:00,07:00-21:00,07:00-21:00,08:00-21:00,09:00-21:00,Cerrado,,
419,03-12-2015,AVELLANEDA,AV MITRE 553,AVELLANEDA,BUENOS AIRES,07:00-21:00,08:00-21:00,07:00-22:00,07:00-21:00,07:00-22:00,09:00-21:00,08:00-21:00,,
420,04-01-2016,VILLA CARLOS PAZ (CORDOBA),ALBERDI 37,VILLA BELGRANO - CORDOBA,CORDOBA,07:00-22:00,08:00-21:00,07:00-21:00,08:00-21:00,07:00-22:00,Cerrado,09:00-21:00,,
421,10-01-2016,PALACIO PIZZURNO,RODRIGUEZ PENA 1081,RECOLETA,CAPITAL FEDERAL,08:00-21:00,08:00-21:00,07:00-21:00,07:00-21:00,07:00-22:00,10:00-14:00,10:00-14:00,,
422,13-01-2016,BELGRANO CENTRAL,,BELGRANO,CAPITAL FEDERAL,07:00-21:00,07:00-21:00,07:00-21:00,08:00-21:00,07:00-21:00,Cerrado,10:00-20:00,,
423,21-01-2016,ALTOS DE BELGRANO,AVDA. CABILDO N 2754 56,BELGRANO,CAPITAL FEDERAL,07:00-21:00,07:00-22:00,08:00-21:00,07:00-21:00,07:00-22:00,10:00-14:00,10:00-20:00,,
424,01-02-2016,MAR DE AJO,LIBERTADOR 383,MAR DE AJO,BUENOS AIRES,07:00-21:00,07:00-21:00,07:00-22:00,07:00-22:00,08:00-21:00,10:00-14:00,09:00-21:00,,
425,10-02-2016,AV MITRE AVELLANEDA,AV. MITRE,AVELLANEDA,BUENOS AIRES,08:00-21:00,07:00-22:00,07:00-21:00,08:00-21:00,07:00-22:00,10:00-14:00,Cerrado,,
426,23-02-2016,ALTO DEL TALAR,AV. H. FORD ESQ. FOURNIER,GRAL PACHECO,BUENOS AIRES,07:00-21:00,07:00-21:00,07:00-21:00,07:00-22:00,07:00-22:00,09:00-21:00,09:00-21:00,,
427,11-03-2016,PLAZA DE MAYO,H. YRIGOYEN 402,MICROCENTRO,CAPITAL FEDERAL,07:00-22:00,08:00-21:00,07:00-22:00,07:00-22:00,07:00-21:00,09:00-21:00,10:00-14:00,,
428,07-04-2016,TUCUMAN,SAN MARTIN 58690,SAN M. DE TUCUMAN,TUCUMAN,07:00-21:00,07:00-22:00,07:00-22:00,07:00-21:00,07:00-21:00,10:00-20:00,08:00-21:00,,
429,13-05-2016,ALMAGRO,AV. LA PLATA 1031,ALMAGRO,CAPITAL FEDERAL,07:00-21:00,07:00-22:00,07:00-21:00,07:00-21:00,07:00-22:00,Cerrado,08:00-21:00,,
430,02-06-2016,GAONA,AV. GAONA 3800,FLORESTA,CAPITAL FEDERAL,07:00-22:00,07:00-22:00,08:00-21:00,07:00-21:00,08:00-21:00,10:00-14:00,09:00-21:00,,
431,28-06-2016,LIBERTADOR,AV. LIBERTADOR 14998,ACASSUSO,BUENOS AIRES,08:00-21:00,07:00-22:00,07:00-21:00,07:00-21:00,07:00-21:00,10:00-20:00,Cerrado,,
432,21-08-2016,SHOPPING TORTUGAS,CONSTITUYENTES Y ACCESO NORTE,PILAR,BUENOS AIRES,07:00-22:00,08:00-21:00,07:00-21:00,08:00-21:00,08:00-21:00,08:00-21:00,08:00-21:00,,
433,07-09-2016,HAEDO,AV. RIVADAVIA 16313,HAEDO,BUENOS AIRES,07:00-21:00,07:00-22:00,07:00-22:00,07:00-21:00,07:00-22:00,09:00-21:00,10:00-20:00,,